target,library,barcode,variant_call_support,codon_substitutions,aa_substitutions,n_codon_substitutions,n_aa_substitutions
BA286,pool1,AAAAACTACCTTCACT,18,GTT2ATC AGA16ACT ACT26AAG TTG38ATT AAA73AGA CAT115CCT GAT120AAT TGG122TTG TTG125TTC TTC126TTG AAA151AAT AAA153GCT CCA155CCT TTC159TCT,V2I R16T T26K L38I K73R H115P D120N W122L L125F F126L K151N K153A F159S,14,13
BA286,pool1,AAAAGAACAAAAGTCT,2,GTT2ATC AGA16ACT ACT26AAG TTG38ATT AAA73AGA CAT115CCT GAT120AAT TGG122TTG TTG125TTC TTC126TTG TGT150AAT AAA151GGT GGT152GTT AAA153GCT CCA155CCT TTC159TCT,V2I R16T T26K L38I K73R H115P D120N W122L L125F F126L C150N K151G G152V K153A F159S,16,15
BA286,pool1,AAAAGGTTAACTTCGA,3,GTT2ATC AGA16ACT ACT26AAG TTG38ATT AAA73AGA CAT115CCT GAT120AAT TGG122TTG TTG125TTC TTC126TTG AAA151AAT GGT152GTT AAA153GCT CCA155CCT TTC159TCT,V2I R16T T26K L38I K73R H115P D120N W122L L125F F126L K151N G152V K153A F159S,15,14
BA286,pool1,AAACGCTGTGTCCTGA,1,GTT2ATC AGA16ACT ACT26AAG TTG38ATT AAA73AGA CAT115CCT GAT120AAT TGG122TTG TTG125TTC TTC126TTG AAA151AAT AAA153GCT CCA155CCT TTC159TCT,V2I R16T T26K L38I K73R H115P D120N W122L L125F F126L K151N K153A F159S,14,13
BA286,pool1,AAAGAATTTTGGATAG,3,GTT2ATC AGA16ACT ACT26AAG TTG38ATT AAA73AGA CAT115CCT GAT120AAT TGG122TTG TTG125TTC TTC126TTG AAA151AAT AAA153GTT GGT154GCT CCA155GGT TTC159TCT,V2I R16T T26K L38I K73R H115P D120N W122L L125F F126L K151N K153V G154A P155G F159S,15,15
BA286,pool1,AAATCATATTAGATTC,2,,,0,0
BA286,pool1,AAATCGGTATTCAACG,2,GTT2ATC AGA16ACT ACT26AAG TTG38ATT AAA73AGA CAT115CCT GAT120AAT TGG122TTG TTG125TTC TTC126TTG AAA151AAT AAA153GTT GGT154GCT CCA155CCT TTC159TCT,V2I R16T T26K L38I K73R H115P D120N W122L L125F F126L K151N K153V G154A F159S,15,14
BA286,pool1,AAATGCATCGACGAAA,4,GTT2ATC AGA16ACT ACT26AAG TTG38ATT AAA73AGA,V2I R16T T26K L38I K73R,5,5
BA286,pool1,AACATCCCACTTAATC,2,GTT2ATC AGA16ACT ACT26AAG TTG38ATT AAA73AGA,V2I R16T T26K L38I K73R,5,5
BA286,pool1,AACCATGTGACGACCA,2,GTT2CAA AGA16ACT ACT26AAG TTG38ATT AAA73AGA CAT115CCT GAT120AAT TGG122TTG TTG125TTC TTC126TTG AAA151AAT AAA153GCT CCA155CCT TTC159TCT,V2Q R16T T26K L38I K73R H115P D120N W122L L125F F126L K151N K153A F159S,14,13
BA286,pool1,AACCGCAACCTTTAGT,2,GTT2ATC AGA16ACT ACT26AAG TTG38ATT AAA73AGA CAT115CCT GAT120AAT TGG122TTG TTG125TTC TTC126TTG TGT150AAT AAA151GGT GGT152GTT AAA153GCT CCA155CCT TTC159TCT,V2I R16T T26K L38I K73R H115P D120N W122L L125F F126L C150N K151G G152V K153A F159S,16,15
BA286,pool1,AACCTACCCAGAAAAC,10,GTT2ATC AGA16ACT ACT26AAG TTG38ATT AAA73AGA CAT115CCT GAT120AAT TGG122TTG TTG125TTC TTC126TTG AAA151GGT GGT152GTT AAA153GCT CCA155CCT TTC159TCT,V2I R16T T26K L38I K73R H115P D120N W122L L125F F126L K151G G152V K153A F159S,15,14
BA286,pool1,AACGAATGACTGACTT,4,GTT2ATC AGA16ACT ACT26AAG TTG38ATT AAA73AGA CAT115CCT GAT120AAT TGG122TTG TTG125TTC TTC126TTG AAA151AAT AAA153GCT CCA155CCT TTC159TCT,V2I R16T T26K L38I K73R H115P D120N W122L L125F F126L K151N K153A F159S,14,13
BA286,pool1,AACGACCAGTCCAAGA,3,GTT2ATC AGA16ACT ACT26AAG TTG38ATT AAA73AGA CAT115CCT GAT120AAT TGG122TTG TTG125TTC TTC126TTG AAA151AAT AAA153GTT GGT154GCT CCA155GGT TTC159TCT,V2I R16T T26K L38I K73R H115P D120N W122L L125F F126L K151N K153V G154A P155G F159S,15,15
BA286,pool1,AAGATTACCTCAGGAG,2,GTT2ATC AGA16ACT ACT26AAG TTG38ATT AAA73AGA CAT115CCT GAT120AAT TGG122TTG TTG125TTC TTC126TTG AAA151AAT AAA153GCT CCA155CCT TTC159TCT,V2I R16T T26K L38I K73R H115P D120N W122L L125F F126L K151N K153A F159S,14,13
BA286,pool1,AAGGACAGTCAAAATT,1,GTT2ATC AGA16ACT ACT26AAG TTG38ATT AAA73AGA CAT115CCT GAT120AAT TGG122TTG TTG125TTC TTC126TTG AAA151AAT AAA153GTT GGT154GCT CCA155GGT AAC156CCT TTC159TCT,V2I R16T T26K L38I K73R H115P D120N W122L L125F F126L K151N K153V G154A P155G N156P F159S,16,16
BA286,pool1,AAGTCATTCTATCGGA,2,,,0,0
BA286,pool1,AATAATAGGAAAGAAT,1,GTT2ATC AGA16ACT ACT26AAG TTG38ATT AAA73AGA CAT115CCT GAT120AAT TGG122TTG TTG125TTC TTC126TTG AAA151AAT AAA153GTT CCA155CCT TTC159TCT,V2I R16T T26K L38I K73R H115P D120N W122L L125F F126L K151N K153V F159S,14,13
BA286,pool1,AATGCGGTGCCAACCA,6,GTT2ATC AGA16ACT ACT26AAG TTG38ATT AAA73AGA CAT115CCT GAT120AAT TGG122TTG TTG125TTC TTC126TTG AAA151GGT GGT152GTT AAA153GCT CCA155CCT TTC159TCT,V2I R16T T26K L38I K73R H115P D120N W122L L125F F126L K151G G152V K153A F159S,15,14
BA286,pool1,AATTACTAGACAACCG,2,GTT2ATC AGA16ACT ACT26AAG TTG38ATT AAA73AGA CAT115CCT GAT120AAT TGG122TTG TTG125TTC TTC126TTG AAA151GGT GGT152GTT AAA153GCT CCA155CCT TTC159TCT,V2I R16T T26K L38I K73R H115P D120N W122L L125F F126L K151G G152V K153A F159S,15,14
BA286,pool1,AATTAGTGGTCAACAG,2,GTT2ATC AGA16ACT ACT26AAG TTG38ATT AAA73AGA CAT115CCT GAT120AAT TGG122TTG TTG125TTC TTC126TTG AAA151AAT GGT152GTT AAA153GCT CCA155CCT TTC159TCT,V2I R16T T26K L38I K73R H115P D120N W122L L125F F126L K151N G152V K153A F159S,15,14
BA286,pool1,AATTGGGATCTATCGC,1,GTT2ATC AGA16ACT ACT26AAG TTG38ATT AAA73AGA CAT115CCT GAT120AAT TGG122TTG TTG125TTC TTC126TTG AAA151AAT GGT152GTT AAA153GCT CCA155CCT TTC159TCT,V2I R16T T26K L38I K73R H115P D120N W122L L125F F126L K151N G152V K153A F159S,15,14
BA286,pool1,ACAACAAATTAGTAGA,6,GTT2ATC AGA16ACT ACT26AAG TTG38ATT AAA73AGA CAT115CCT GAT120AAT TGG122TTG TTG125TTC TTC126TTG AAA151AAT AAA153GTT CCA155CCT TTC159TCT,V2I R16T T26K L38I K73R H115P D120N W122L L125F F126L K151N K153V F159S,14,13
BA286,pool1,ACAACAGTTATGAAAG,2,GTT2ATC AGA16ACT ACT26AAG TTG38ATT AAA73AGA CAT115CCT GAT120AAT TGG122TTG TTG125TTC TTC126TTG TGT150AAT AAA151GGT GGT152GTT AAA153GCT CCA155CCT TTC159TCT,V2I R16T T26K L38I K73R H115P D120N W122L L125F F126L C150N K151G G152V K153A F159S,16,15
BA286,pool1,ACAACGGGGTTAATAT,2,GTT2ATC AGA16ACT ACT26AAG TTG38ATT AAA73AGA CAT115CCT GAT120AAT TGG122TTG TTG125TTC TTC126TTG AAA151AAT AAA153GTT GGT154GCT CCA155GGT TTC159TCT,V2I R16T T26K L38I K73R H115P D120N W122L L125F F126L K151N K153V G154A P155G F159S,15,15
BA286,pool1,ACAAGTTAAAGATATG,1,GTT2ATC AGA16ACT ACT26AAG TTG38ATT AAA73AGA CAT115CCT GAT120AAT TGG122TTG TTG125TTC TTC126TTG AAA151AAT AAA153GTT GGT154GCT CCA155GGT AAC156CCT TTC159TCT,V2I R16T T26K L38I K73R H115P D120N W122L L125F F126L K151N K153V G154A P155G N156P F159S,16,16
BA286,pool1,ACAGGCATCCTACCAA,5,GTT2ATC AGA16ACT ACT26AAG TTG38ATT AAA73AGA CAT115CCT GAT120AAT TGG122TTG TTG125TTC TTC126TTG AAA151AAT AAA153GCT CCA155CCT TTC159TCT,V2I R16T T26K L38I K73R H115P D120N W122L L125F F126L K151N K153A F159S,14,13
BA286,pool1,ACATCATCCCCCAATA,1,GTT2ATC AGA16ACT ACT26AAG TTG38ATT AAA73AGA CAT115CCT GAT120AAT TGG122TTG TTG125TTC TTC126TTG AAA151AAT AAA153GTT CCA155CCT TTC159TCT,V2I R16T T26K L38I K73R H115P D120N W122L L125F F126L K151N K153V F159S,14,13
BA286,pool1,ACATCATTACTCGGGG,1,GTT2ATC AGA16ACT ACT26AAG TTG38ATT AAA73AGA CAT115CCT GAT120AAT TGG122TTG TTG125TTC TTC126TTG TGT150AAT AAA151GGT GGT152GTT AAA153GCT CCA155CCT TTC159TCT,V2I R16T T26K L38I K73R H115P D120N W122L L125F F126L C150N K151G G152V K153A F159S,16,15
BA286,pool1,ACATTTGGAACTAAAA,2,GTT2ATC AGA16ACT ACT26AAG TTG38ATT AAA73AGA CAT115CCT GAT120AAT TGG122TTG TTG125TTC TTC126TTG AAA151AAT AAA153GTT GGT154GCT CCA155CCT TTC159TCT,V2I R16T T26K L38I K73R H115P D120N W122L L125F F126L K151N K153V G154A F159S,15,14
BA286,pool1,ACCGCTGAAAATCATC,4,GTT2ATC AGA16ACT ACT26AAG TTG38ATT AAA73AGA CAT115CCT GAT120AAT TGG122TTG TTG125TTC TTC126TTG AAA151AAT AAA153GTT GGT154GCT CCA155GGT AAC156CCT TTC159TCT,V2I R16T T26K L38I K73R H115P D120N W122L L125F F126L K151N K153V G154A P155G N156P F159S,16,16
BA286,pool1,ACGATTAGATCTAATA,2,GTT2ATC AGA16ACT ACT26AAG TTG38ATT AAA73AGA CAT115CCT GAT120AAT TGG122TTG TTG125TTC TTC126TTG AAA151AAT AAA153GTT GGT154GCT CCA155GGT TTC159TCT,V2I R16T T26K L38I K73R H115P D120N W122L L125F F126L K151N K153V G154A P155G F159S,15,15
BA286,pool1,ACGGTCCACAAAATCC,15,GTT2ATC AGA16ACT ACT26AAG TTG38ATT AAA73AGA CAT115CCT GAT120AAT TGG122TTG TTG125TTC TTC126TTG AAA151AAT GGT152GTT AAA153GCT CCA155CCT TTC159TCT,V2I R16T T26K L38I K73R H115P D120N W122L L125F F126L K151N G152V K153A F159S,15,14
BA286,pool1,ACTGACGGGGTTTTAG,1,GTT2ATC AGA16ACT ACT26AAG TTG38ATT AAA73AGA CAT115CCT GAT120AAT TGG122TTG TTG125TTC TTC126TTG AAA151AAT GGT152GTT AAA153GCT CCA155CCT TTC159TCT,V2I R16T T26K L38I K73R H115P D120N W122L L125F F126L K151N G152V K153A F159S,15,14
BA286,pool1,ACTGTAGTCAAGGTTT,2,GTT2ATC AGA16ACT ACT26AAG TTG38ATT AAA73AGA GAA76--- CAT115CCT GAT120AAT TGG122TTG TTG125TTC TTC126TTG AAA151AAT AAA153GCT CCA155CCT TTC159TCT,V2I R16T T26K L38I K73R E76- H115P D120N W122L L125F F126L K151N K153A F159S,15,14
BA286,pool1,AGAATAACATTTGCGC,1,,,0,0
BA286,pool1,AGAATTGTAACGAAAA,15,GTT2ATC AGA16ACT ACT26TAT TTG38ATT AAA73AGA CAT115CCT,V2I R16T T26Y L38I K73R H115P,6,6
BA286,pool1,AGACATAAAAGGCCGT,1,GTT2ATC AGA16ACT ACT26AAG TTG38ATT AAA73AGA GCC89GCT CAT115CCT GAT120AAT TGG122TTG TTG125TTC TTC126TTG AAA151AAT AAA153GTT GGT154GCT CCA155GGT AAC156CCT TTC159TCT,V2I R16T T26K L38I K73R H115P D120N W122L L125F F126L K151N K153V G154A P155G N156P F159S,17,16
BA286,pool1,AGACCGGTTGAAGCAG,1,GTT2ATC AGA16ACT ACT26AAG TTG38ATT AAA73AGA,V2I R16T T26K L38I K73R,5,5
BA286,pool1,AGATAGGAGTCTATGC,2,GTT2ATC AGA16ACT ACT26AAG TTG38ATT AAA73AGA CAT115CCT GAT120AAT TGG122TTG TTG125TTC TTC126TTG AAA151AAT AAA153GTT CCA155CCT TTC159TCT,V2I R16T T26K L38I K73R H115P D120N W122L L125F F126L K151N K153V F159S,14,13
BA286,pool1,AGATATGAGAGGCCCC,1,GTT2ATC AGA16ACT ACT26AAG TTG38ATT AAA73AGA CAT115CCT GAT120AAT TGG122TTG TTG125TTC TTC126TTG AAA151GGT GGT152GTT AAA153GCT CCA155CCT TTC159TCT,V2I R16T T26K L38I K73R H115P D120N W122L L125F F126L K151G G152V K153A F159S,15,14
BA286,pool1,AGATCGAGCCATCTAA,2,GTT2ATC AGA16ACT ACT26AAG TTG38ATT AAA73AGA CAT115CCT GAT120AAT TGG122TTG TTG125TTC TTC126TTG TGT150AAT AAA151GGT GGT152GTT AAA153GCT CCA155CCT TTC159TCT,V2I R16T T26K L38I K73R H115P D120N W122L L125F F126L C150N K151G G152V K153A F159S,16,15
BA286,pool1,AGCAATTAACTAACTA,2,GTT2ATC AGA16ACT ACT26AAG TTG38ATT AAA73AGA CAT115CCT GAT120AAT TGG122TTG TTG125TTC TTC126TTG AAA151AAT AAA153GCT CCA155CCT TTC159TCT,V2I R16T T26K L38I K73R H115P D120N W122L L125F F126L K151N K153A F159S,14,13
BA286,pool1,AGCCAATCAGATAATG,5,GTT2ATC AGA16ACT ACT26AAG TTG38ATT AAA73AGA CAT115CCT GAT120AAT TGG122TTG TTG125TTC TTC126TTG AAA151AAT GGT152GTT AAA153GCT CCA155CCT TTC159TCT,V2I R16T T26K L38I K73R H115P D120N W122L L125F F126L K151N G152V K153A F159S,15,14
BA286,pool1,AGCCCTGGAATTGATA,1,GTT2ATC AGA16ACT ACT26AAG TTG38ATT GCT42TCT,V2I R16T T26K L38I A42S,5,5
BA286,pool1,AGCTAGTGCACTTCAT,2,GTT2ATC AGA16ACT ACT26AAG TTG38ATT AAA73AGA CAT115CCT GAT120AAT TGG122TTG TTG125TTC TTC126TTG AAA151AAT GGT152GTT AAA153GCT CCA155CCT TTC159TCT,V2I R16T T26K L38I K73R H115P D120N W122L L125F F126L K151N G152V K153A F159S,15,14
BA286,pool1,AGGCAAGAGATAGACC,1,GTT2ATC AGA16ACT ACT26AAG TTG38ATT AAA73AGA CAT115CCT GAT120AAT TGG122TTG TTG125TTC TTC126TTG AAA151AAT AAA153GTT GGT154GCT CCA155CCT TTC159TCT,V2I R16T T26K L38I K73R H115P D120N W122L L125F F126L K151N K153V G154A F159S,15,14
BA286,pool1,AGGTTGACAAAACAGC,2,GTT2ATC AGA16ACT ACT26AAG TTG38ATT AAA73AGA GCT81TTG,V2I R16T T26K L38I K73R A81L,6,6
BA286,pool1,AGTTAATGGATGTAGA,2,GTT2ATC AGA16ACT ACT26AAG TTG38ATT AAA73AGA CAT115CCT GAT120AAT TGG122TTG TTG125TTC TTC126TTG GGT152GTT AAA153GCT CCA155CCT TTC159TCT,V2I R16T T26K L38I K73R H115P D120N W122L L125F F126L G152V K153A F159S,14,13
BA286,pool1,AGTTACGCCTCACAAG,2,,,0,0
BA286,pool1,AGTTTAGTCTCAGGAC,2,AAC1CAT GTT2ATC AGA16ACT ACT26AAG TTG38ATT AAA73AGA CAT115CCT GAT120AAT TGG122TTG TTG125TTC TTC126TTG AAA151AAT AAA153GCT CCA155CCT TTC159TCT,N1H V2I R16T T26K L38I K73R H115P D120N W122L L125F F126L K151N K153A F159S,15,14
BA286,pool1,ATAAGAAAAAACTCAT,7,GTT2ATC AGA16ACT ACT26AAG TTG38ATT TAT50GCT,V2I R16T T26K L38I Y50A,5,5
BA286,pool1,ATACCCGTAGGTCTGA,1,GCT81GTT CAA144TGT,A81V Q144C,2,2
BA286,pool1,ATCAGTCCCAAAGATG,2,GTT2ATC AGA16ACT ACT26AAG TTG38ATT AAA73AGA CAT115CCT GAT120AAT TGG122TTG TTG125TTC TTC126TTG AAA151AAT AAA153GTT GGT154GCT CCA155CCT TTC159TCT,V2I R16T T26K L38I K73R H115P D120N W122L L125F F126L K151N K153V G154A F159S,15,14
BA286,pool1,ATCTAGCTCAGGTTAG,38,GTT2ATC AGA16ACT ACT26AAG TTG38ATT AAA73AGA CAT115CCT GAT120AAT TGG122TTG TTG125TTC TTC126TTG AAA151AAT AAA153GTT GGT154GCT CCA155GGT AAC156CCT TTC159TCT,V2I R16T T26K L38I K73R H115P D120N W122L L125F F126L K151N K153V G154A P155G N156P F159S,16,16
BA286,pool1,ATCTATATATTACAGA,1,GTT2ATC AGA16ACT ACT26AAG TTG38ATT AAA73AGA CAT115CCT GAT120AAT TGG122TTG TTG125TTC TTC126TTG AAA151AAT AAA153GCT CCA155CCT TTC159TCT,V2I R16T T26K L38I K73R H115P D120N W122L L125F F126L K151N K153A F159S,14,13
BA286,pool1,ATGCAGCTAGCTGCAC,4,GTT2ATC AGA16ACT ACT26AAG TTG38ATT AAA73AGA CAT115CCT GAT120AAT TGG122TTG TTG125TTC TTC126TTG AAA151AAT AAA153GTT CCA155CCT TTC159TCT,V2I R16T T26K L38I K73R H115P D120N W122L L125F F126L K151N K153V F159S,14,13
BA286,pool1,ATGCGGAGGATAATCA,2,GTT2ATC AGA16ACT ACT26AAG TTG38ATT AAA73AGA CAT115CCT GAT120AAT TGG122TTG TTG125TTC TTC126TTG AAA151GGT GGT152GTT AAA153GCT CCA155CCT TTC159TCT,V2I R16T T26K L38I K73R H115P D120N W122L L125F F126L K151G G152V K153A F159S,15,14
BA286,pool1,ATGCGGGTTGGATTAC,5,GTT2ATC AGA16ACT ACT26AAG TTG38ATT AAA73AGA CAT115CCT GAT120AAT TGG122TTG TTG125TTC TTC126TTG AAA151AAT AAA153GTT GGT154GCT CCA155CCT TTC159TCT,V2I R16T T26K L38I K73R H115P D120N W122L L125F F126L K151N K153V G154A F159S,15,14
BA286,pool1,ATGTAAAAACCCCTAG,2,GTT2ATC AGA16ACT ACT26AAG TTG38ATT AAA73AGA CAT115CCT GAT120AAT TGG122TTG TTG125TTC TTC126TTG TGT150AAT AAA151GGT GGT152GTT AAA153GCT CCA155CCT TTC159TCT,V2I R16T T26K L38I K73R H115P D120N W122L L125F F126L C150N K151G G152V K153A F159S,16,15
BA286,pool1,ATTGATGCACCGTAAA,1,GTT2ATC AGA16ACT ACT26AAG TTG38ATT AAA73AGA CAT115CCT GAT120AAT TGG122TTG TTG125TTC TTC126TTG AAA151AAT AAA153GTT GGT154GCT CCA155GGT AAC156CCT TTC159TCT,V2I R16T T26K L38I K73R H115P D120N W122L L125F F126L K151N K153V G154A P155G N156P F159S,16,16
BA286,pool1,ATTTTACTGACGAGAA,5,GTT2ATC AGA16ACT ACT26AAG TTG38ATT AAA73AGA CAT115CCT GAT120AAT TGG122TTG TTG125TTC TTC126TTG AAA151AAT GGT152GTT AAA153GCT CCA155CCT TTC159TCT,V2I R16T T26K L38I K73R H115P D120N W122L L125F F126L K151N G152V K153A F159S,15,14
BA286,pool1,CAAACCAGACAGGTAA,3,GTT2ATC AGA16ACT ACT26AAG TTG38ATT AAA73AGA CAT115CCT GAT120AAT TGG122TTG TTG125TTC TTC126TTG AAA151AAT AAA153GTT GGT154GCT CCA155CCT TTC159TCT,V2I R16T T26K L38I K73R H115P D120N W122L L125F F126L K151N K153V G154A F159S,15,14
BA286,pool1,CAAATAGAAATACCGC,3,,,0,0
BA286,pool1,CAAATAGCTTTTGTTG,1,CCA54CAT,P54H,1,1
BA286,pool1,CAAATGTAAAGAAGAC,1,GTT2ATC AGA16ACT ACT26AAG TTG38ATT AAA73AGA CAT115CCT GAT120AAT TGG122TTG TTG125TTC TTC126TTG AAA151AAT AAA153GCT CCA155CCT TTC159TCT,V2I R16T T26K L38I K73R H115P D120N W122L L125F F126L K151N K153A F159S,14,13
BA286,pool1,CAACAATGAATTCTAC,7,GTT2ATC AGA16ACT ACT26AAG TTG38ATT AAA73AGA CAT115CCT GAT120AAT TGG122TTG TTG125TTC TTC126TTG TGT150AAT AAA151GGT GGT152GTT AAA153GCT CCA155CCT TTC159TCT,V2I R16T T26K L38I K73R H115P D120N W122L L125F F126L C150N K151G G152V K153A F159S,16,15
BA286,pool1,CAAGAAATACCTAATC,1,GTT2ATC AGA16ACT ACT26AAG TTG38ATT AAA73AGA CAT115CCT GAT120AAT TGG122TTG TTG125TTC TTC126TTG TGT150AAT AAA151GGT GGT152GTT AAA153GCT CCA155CCT TTC159TCT,V2I R16T T26K L38I K73R H115P D120N W122L L125F F126L C150N K151G G152V K153A F159S,16,15
BA286,pool1,CACACTGACATATACA,1,GTT2ATC AGA16ACT ACT26AAG TTG38ATT AAA73AGA CAT115CCT GAT120AAT TGG122TTG TTG125TTC TTC126TTG AAA151AAT AAA153GTT GGT154GCT CCA155CCT TTC159TCT,V2I R16T T26K L38I K73R H115P D120N W122L L125F F126L K151N K153V G154A F159S,15,14
BA286,pool1,CACGTCTCCTCCACCA,3,GTT2ATC AGA16ACT ACT26AAG TTG38ATT AAA73AGA CAT115CCT GAT120AAT TGG122TTG TTG125TTC TTC126TTG AAA151AAT AAA153GTT CCA155CCT TTC159TCT,V2I R16T T26K L38I K73R H115P D120N W122L L125F F126L K151N K153V F159S,14,13
BA286,pool1,CACTACTAAACATTAT,1,GTT2ATC AGA16ACT ACT26AAG TTG38ATT AAA73AGA CAT115CCT GAT120AAT TGG122TTG TTG125TTC TTC126TTG AAA151AAT GGT152GTT AAA153GCT CCA155CCT TTC159TCT,V2I R16T T26K L38I K73R H115P D120N W122L L125F F126L K151N G152V K153A F159S,15,14
BA286,pool1,CAGTGAGCCTAGACCT,3,GTT2ATC AGA16ACT ACT26AAG TTG38ATT ACC63ACT AAA73AGA CAT115CCT GAT120AAT TGG122TTG TTG125TTC TTC126TTG TGT150AAT AAA151GGT GGT152GTT AAA153GCT CCA155CCT TTC159TCT,V2I R16T T26K L38I K73R H115P D120N W122L L125F F126L C150N K151G G152V K153A F159S,17,15
BA286,pool1,CATGAAACATGCACCA,11,,,0,0
BA286,pool1,CATTAGGATACAAGGA,4,GTT2ATC AGA16ACT ACT26AAG TTG38ATT AAA73AGA CAT115CCT GAT120AAT TGG122TTG TTG125TTC TTC126TTG TGT150AAT AAA151GGT GGT152GTT AAA153GCT CCA155CCT TTC159TCT,V2I R16T T26K L38I K73R H115P D120N W122L L125F F126L C150N K151G G152V K153A F159S,16,15
BA286,pool1,CCAAAGGCATTAAGCT,19,GTT2ATC AGA16ACT ACT26AAG TTG38ATT AAA73AGA CAT115CCT GAT120AAT TGG122TTG TTG125TTC TTC126TTG AAA151AAT AAA153GCT CCA155CCT TTC159TCT,V2I R16T T26K L38I K73R H115P D120N W122L L125F F126L K151N K153A F159S,14,13
BA286,pool1,CCAATGGTTATATCAC,14,,,0,0
BA286,pool1,CCACATATCGATTACT,2,GTT2ATC AGA16ACT ACT26AAG TTG38ATT AAA73AGA CAT115CCT GAT120AAT TGG122TTG TTG125TTC TTC126TTG AAA151GGT GGT152GTT AAA153GCT CCA155CCT TTC159TCT,V2I R16T T26K L38I K73R H115P D120N W122L L125F F126L K151G G152V K153A F159S,15,14
BA286,pool1,CCAGACCCCGAACCAA,1,GTT2ATC AGA16ACT ACT26AAG TTG38ATT AAA73AGA CAT115CCT GAT120AAT TGG122TTG TTG125TTC TTC126TTG,V2I R16T T26K L38I K73R H115P D120N W122L L125F F126L,10,10
BA286,pool1,CCAGAGTAACCCCAAT,4,GTT2ATC AGA16ACT ACT26AAG TTG38ATT AAA73AGA CAT115CCT GAT120AAT TGG122TTG TTG125TTC TTC126TTG AAA151AAT GGT152GTT AAA153GCT CCA155CCT TTC159TCT,V2I R16T T26K L38I K73R H115P D120N W122L L125F F126L K151N G152V K153A F159S,15,14
BA286,pool1,CCATGAAAGCTTGTAA,4,GTT2ATC AGA16ACT ACT26AAG TTG38ATT AAA73AGA CAT115CCT GAT120AAT TGG122TTG TTG125TTC TTC126TTG AAA151AAT AAA153GCT CCA155CCT TTC159TCT,V2I R16T T26K L38I K73R H115P D120N W122L L125F F126L K151N K153A F159S,14,13
BA286,pool1,CCATTCCGCAACCAAC,1,GTT2ATC AGA16ACT ACT26AAG TTG38ATT AAA73AGA CAT115CCT GAT120AAT TGG122TTG TTG125TTC TTC126TTG AAA151AAT AAA153GTT GGT154GCT CCA155GGT AAC156CCT TTC159TCT,V2I R16T T26K L38I K73R H115P D120N W122L L125F F126L K151N K153V G154A P155G N156P F159S,16,16
BA286,pool1,CCCAATACGCCCCGTG,8,GTT2ATC AGA16ACT ACT26AAG AAC30GAA TTG38ATT AAA73AGA,V2I R16T T26K N30E L38I K73R,6,6
BA286,pool1,CCCAGTACAAATAGCA,7,GTT2ATC AGA16ACT ACT26AAG TTG38ATT AAA73AGA CAT115CCT GAT120AAT TGG122TTG TTG125TTC TTC126TTG AAA151AAT AAA153GTT GGT154GCT CCA155GGT AAC156CCT TTC159TCT,V2I R16T T26K L38I K73R H115P D120N W122L L125F F126L K151N K153V G154A P155G N156P F159S,16,16
BA286,pool1,CCGCATTGACAAAGTA,4,GTT2ATC AGA16ACT ACT26AAG TTG38ATT AAA73AGA CAT115CCT GAT120AAT TGG122TTG TTG125TTC TTC126TTG AAA151AAT AAA153GCT CCA155CCT TTC159TCT,V2I R16T T26K L38I K73R H115P D120N W122L L125F F126L K151N K153A F159S,14,13
BA286,pool1,CCGTGGGTAGGTAACA,1,GTT2ATC AGA16ACT ACT26AAG TTG38ATT TAC66TAT AAA73AGA CAT115CCT GAT120AAT TGG122TTG TTG125TTC TTC126TTG AAA151GGT GGT152GTT AAA153GCT CCA155CTT TTC159TCT,V2I R16T T26K L38I K73R H115P D120N W122L L125F F126L K151G G152V K153A P155L F159S,16,15
BA286,pool1,CCTCGAGCCTTTATCT,8,GTT2ATC AGA16ACT ACT26AAG TTG38ATT AAA73AGA CAT115CCT GAT120AAT TGG122TTG TTG125TTC TTC126TTG AAA151AAT AAA153GTT GGT154GCT CCA155GGT TTC159TCT,V2I R16T T26K L38I K73R H115P D120N W122L L125F F126L K151N K153V G154A P155G F159S,15,15
BA286,pool1,CCTTGATCATCACTTG,6,GTT2ATC AGA16ACT ACT26AAG TTG38ATT AAA73AGA CAT115CCT GAT120AAT TGG122TTG TTG125TTC TTC126TTG AAA151AAT AAA153GTT GGT154GCT CCA155GGT AAC156CCT TTC159TCT,V2I R16T T26K L38I K73R H115P D120N W122L L125F F126L K151N K153V G154A P155G N156P F159S,16,16
BA286,pool1,CGAATCGATCTAAATA,3,GTT2ATC AGA16ACT ACT26AAG TTG38ATT AAA73AGA CAT115CCT GAT120AAT TGG122TTG TTG125TTC TTC126TTG AAA151AAT GGT152GTT AAA153GCT CCA155CCT TTC159TCT,V2I R16T T26K L38I K73R H115P D120N W122L L125F F126L K151N G152V K153A F159S,15,14
BA286,pool1,CGAATCGTGATAAGAC,2,GTT2ATC AGA16ACT ACT26AAG TTG38ATT AAA73AGA CAT115CCT GAT120AAT TGG122TTG TTG125TTC TTC126TTG AAA151AAT AAA153GTT GGT154GCT CCA155GGT TTC159TCT,V2I R16T T26K L38I K73R H115P D120N W122L L125F F126L K151N K153V G154A P155G F159S,15,15
BA286,pool1,CGATATATACATGGAA,1,GTT2ATC AGA16ACT ACT26AAG TTG38ATT AAA73AGA CAT115CCT GAT120AAT TGG122TTG TTG125TTC TTC126TTG AAA151AAT AAA153GTT GGT154GCT CCA155CCT TTC159TCT,V2I R16T T26K L38I K73R H115P D120N W122L L125F F126L K151N K153V G154A F159S,15,14
BA286,pool1,CGCTTGGACAGTCCAA,1,,,0,0
BA286,pool1,CGTTCAAAAGGGTAGC,1,GTT2ATC AGA16ACT ACT26AAG TTG38ATT AAA73AGA CAT115CCT GAT120AAT TGG122TTG TTG125TTC TTC126TTG,V2I R16T T26K L38I K73R H115P D120N W122L L125F F126L,10,10
BA286,pool1,CGTTTAAAAAAGTATT,1,GTT2ATC AGA16ACT ACT26AAG TTG38ATT AAA73AGA CAT115CCT GAT120AAT TGG122TTG TTG125TTC TTC126TTG AAA151AAT AAA153GTT GGT154GCT CCA155GGT AAC156CCT TTC159TCT,V2I R16T T26K L38I K73R H115P D120N W122L L125F F126L K151N K153V G154A P155G N156P F159S,16,16
BA286,pool1,CGTTTCAAATGTGCAA,28,GTT2ATC AGA16ACT ACT26AAG TTG38ATT AAA73AGA CAT115CCT GAT120AAT TGG122TTG TTG125TTC TTC126TTG AAA151AAT AAA153GTT CCA155CCT TTC159TCT,V2I R16T T26K L38I K73R H115P D120N W122L L125F F126L K151N K153V F159S,14,13
BA286,pool1,CTAACATCTTATAGTG,2,GTT2ATC AGA16ACT ACT26AAG TTG38ATT AAA73AGA CAT115CCT GAT120AAT TGG122TTG TTG125TTC TTC126TTG AAA151AAT AAA153GTT GGT154GCT CCA155GGT TTC159TCT,V2I R16T T26K L38I K73R H115P D120N W122L L125F F126L K151N K153V G154A P155G F159S,15,15
BA286,pool1,CTACCGTAATAGCTAG,3,GTT2ATC AGA16ACT ACT26AAG TTG38ATT AAA73AGA CAT115CCT GAT120AAT TGG122TTG TTG125TTC TTC126TTG AAA151GGT GGT152GTT AAA153GCT CCA155CCT TTC159TCT,V2I R16T T26K L38I K73R H115P D120N W122L L125F F126L K151G G152V K153A F159S,15,14
BA286,pool1,CTAGACTCGATCTACA,2,GTT2ATC AGA16ACT ACT26AAG TTG38ATT AAA73AGA CAT115CCT GAT120AAT TGG122TTG TTG125TTC TTC126TTG AAA151AAT AAA153GTT GGT154GCT CCA155CCT TTC159TCT,V2I R16T T26K L38I K73R H115P D120N W122L L125F F126L K151N K153V G154A F159S,15,14
BA286,pool1,CTAGTTCATGCATACT,2,,,0,0
BA286,pool1,CTATGGTACATGTGAC,10,GTT2ATC AGA16ACT ACT26AAG TTG38ATT AAA73AGA CAT115CCT GAT120AAT TGG122TTG TTG125TTC TTC126TTG AAA151AAT AAA153GTT GGT154GCT CCA155GGT TTC159TCT,V2I R16T T26K L38I K73R H115P D120N W122L L125F F126L K151N K153V G154A P155G F159S,15,15
BA286,pool1,CTCCAACAAAAGTCGA,4,GTT2ATC AGA16GGT ACT26AAG TTG38ATT AAA73AGA,V2I R16G T26K L38I K73R,5,5
BA286,pool1,CTCTTGGCAGAAGATG,1,GTT2ATC AGA16ACT ACT26AAG TTG38ATT CCA43CTA AAA73AGA CAT115CCT GAT120AAT TGG122TTG TTG125TTC TTC126TTG AAA151AAT AAA153GTT CCA155CCT TTC159TCT,V2I R16T T26K L38I P43L K73R H115P D120N W122L L125F F126L K151N K153V F159S,15,14
BA286,pool1,CTGAAACAACAGTGAC,10,GTT2ATC AGA16ACT ACT26AAG TTG38ATT AAA73AGA CAT115CCT GAT120AAT TGG122TTG TTG125TTC TTC126TTG AAA151AAT GGT152GTT AAA153GCT CCA155CCT TTC159TCT,V2I R16T T26K L38I K73R H115P D120N W122L L125F F126L K151N G152V K153A F159S,15,14
BA286,pool1,CTGCGGGTAAAGCTTA,1,GTT2ATC AGA16ACT ACT26AAG TTG38ATT AAA73AGA CAT115CCT GAT120AAT TGG122TTG TTG125TTC TTC126TTG AAA151AAT AAA153GTT GGT154GCT CCA155GGT TTC159TCT,V2I R16T T26K L38I K73R H115P D120N W122L L125F F126L K151N K153V G154A P155G F159S,15,15
BA286,pool1,CTGGCAAATCGATGAC,2,GTT2ATC AGA16ACT ACT26AAG TTG38ATT AAA73AGA CAT115CCT GAT120AAT TGG122TTG TTG125TTC TTC126TTG AAA151AAT AAA153GCT CCA155CCT TTC159TCT,V2I R16T T26K L38I K73R H115P D120N W122L L125F F126L K151N K153A F159S,14,13
BA286,pool1,GAAAGACCATTCTTAA,3,GTT2ATC AGA16ACT AGA25TTG ACT26AAG TTG38ATT,V2I R16T R25L T26K L38I,5,5
BA286,pool1,GAATGAAGGGGTCTCA,4,GTT2ATC AGA16ACT ACT26AAG TTG38ATT AAA73AGA CAT115CCT GAT120AAT TGG122TTG TTG125TTC TTC126TTG AAA151AAT AAA153GTT GGT154GCT CCA155GGT TTC159TCT,V2I R16T T26K L38I K73R H115P D120N W122L L125F F126L K151N K153V G154A P155G F159S,15,15
BA286,pool1,GAATGGATAAGTGGAT,4,GTT2ATC AGA16ACT ACT26AAG TTG38ATT AAA73AGA CAT115CCT GAT120AAT TGG122TTG TTG125TTC TTC126TTG AAA151GGT GGT152GTT AAA153GCT CCA155CCT TTC159TCT,V2I R16T T26K L38I K73R H115P D120N W122L L125F F126L K151G G152V K153A F159S,15,14
BA286,pool1,GAATTCATTTCTACGA,1,GTT2ATC AGA16ACT ACT26AAG TTG38ATT AAA73AGA CAT115CCT GAT120AAT TGG122TTG TTG125TTC TTC126TTG AAA151AAT AAA153GTT GGT154GCT CCA155CCT TTC159TCT,V2I R16T T26K L38I K73R H115P D120N W122L L125F F126L K151N K153V G154A F159S,15,14
BA286,pool1,GAATTCCAATTTTTTC,2,GTT2ATC AGA16ACT ACT26AAG TTG38ATT AAA73AGA CAT115CCT GAT120AAT TGG122TTG TTG125TTC TTC126TTG TGT150AAT AAA151GGT GGT152GTT AAA153GCT CCA155CCT TTC159TCT,V2I R16T T26K L38I K73R H115P D120N W122L L125F F126L C150N K151G G152V K153A F159S,16,15
BA286,pool1,GACGGAACACGGCTAT,1,ACT26AAA,T26K,1,1
BA286,pool1,GAGCGCGATCTTCATC,10,GTT2ATC AGA16ACT ACT26AAG TTG38ATT AAA73AGA CAT115CCT GAT120AAT TGG122TTG TTG125TTC TTC126TTG AAA151GGT GGT152GTT AAA153GCT CCA155CCT TTC159TCT,V2I R16T T26K L38I K73R H115P D120N W122L L125F F126L K151G G152V K153A F159S,15,14
BA286,pool1,GAGGTACGATTCAATA,1,,,0,0
BA286,pool1,GATAAACGACAACGAA,1,,,0,0
BA286,pool1,GATAAAGTACGACTTA,1,GTT2ATC AGA16ACT ACT26AAG TTG38ATT AAA73AGA CAT115CCT GAT120AAT TGG122TTG TTG125TTC TTC126TTG AAA151AAT AAA153GCT CCA155CCT TTC159TCT,V2I R16T T26K L38I K73R H115P D120N W122L L125F F126L K151N K153A F159S,14,13
BA286,pool1,GATGAAAAAAAGTTGG,4,GTT2ATC AGA16ACT ACT26AAG TTG38ATT AAA73AGA CAT115CCT GAT120AAT TGG122TTG TTG125TTC TTC126TTG AAA151AAT AAA153GTT GGT154GCT CCA155CCT TTC159TCT,V2I R16T T26K L38I K73R H115P D120N W122L L125F F126L K151N K153V G154A F159S,15,14
BA286,pool1,GATGCATAACCTTTGT,3,GTT2ATC AGA16ACT ACT26AAG TTG38ATT AAA73AGA CAT115CCT GAT120AAT TGG122TTG TTG125TTC TTC126TTG AAA151GGT GGT152GTT AAA153GCT CCA155CCT TTC159TCT,V2I R16T T26K L38I K73R H115P D120N W122L L125F F126L K151G G152V K153A F159S,15,14
BA286,pool1,GATTACGCTAATAGAA,2,GTT2ATC AGA16ACT ACT26AAG TTG38ATT AAA73AGA CAT115CCT GAT120AAT TGG122TTG TTG125TTC TTC126TTG TGT150AAT AAA151GGT GGT152GTT AAA153GCT CCA155CCT TTC159TCT,V2I R16T T26K L38I K73R H115P D120N W122L L125F F126L C150N K151G G152V K153A F159S,16,15
BA286,pool1,GATTGTCACAAAGGCT,1,GTT2ATC AGA16ACT ACT26AAG TTG38ATT AAA73AGA CAT115CCT GAT120AAT TGG122TTG TTG125TTC TTC126TTG AAA151AAT AAA153GTT GGT154GCT CCA155CCT TTC159TCT,V2I R16T T26K L38I K73R H115P D120N W122L L125F F126L K151N K153V G154A F159S,15,14
BA286,pool1,GCAGACGCACCTCTTT,1,GTT2ATC AGA16ACT ACT26AAG TTG38ATT AAA73AGA CAT115CCT GAT120AAT TGG122TTG TTG125TTC TTC126TTG AAA151AAT AAA153GTT GGT154GCT CCA155CCT TTC159TCT,V2I R16T T26K L38I K73R H115P D120N W122L L125F F126L K151N K153V G154A F159S,15,14
BA286,pool1,GCATCGGCTGCAAATG,2,GTT2ATC AGA16ACT ACT26AAG TTG38ATT AAA73AGA CAT115CCT GAT120AAT TGG122TTG TTG125TTC TTC126TTG AAA151AAT AAA153GTT GGT154GCT CCA155GGT TTC159TCT,V2I R16T T26K L38I K73R H115P D120N W122L L125F F126L K151N K153V G154A P155G F159S,15,15
BA286,pool1,GCGCCGAAAAGTTAAA,1,GTT2ATC AGA16ACT ACT26AAG TTG38ATT AAA73AGA CAT115CCT GAT120AAT TGG122TTG TTG125TTC TTC126TTG AAA151AAT AAA153GTT GGT154GCT CCA155GGT TTC159TCT,V2I R16T T26K L38I K73R H115P D120N W122L L125F F126L K151N K153V G154A P155G F159S,15,15
BA286,pool1,GCGCGCCCCTGTTACC,2,GTT2ATC AGA16ACT ACT26AAG TTG38ATT GCC67GAT AAA73AGA CAT115CCT GAT120AAT TGG122TTG TTG125TTC TTC126TTG AAA151AAT AAA153GCT CCA155CCT TTC159TCT,V2I R16T T26K L38I A67D K73R H115P D120N W122L L125F F126L K151N K153A F159S,15,14
BA286,pool1,GCTATGAAACTTTTCA,2,GTT2ATC AGA16ACT ACT26AAG TTG38ATT TTG57GTT AAA73AGA CAT115CCT GAT120AAT TGG122TTG TTG125TTC TTC126TTG AAA151GGT GGT152GTT AAA153GCT CCA155CCT TTC159TCT,V2I R16T T26K L38I L57V K73R H115P D120N W122L L125F F126L K151G G152V K153A F159S,16,15
BA286,pool1,GCTCTTCCTCACCAAA,3,GTT2ATC AGA16ACT ACT26AAG TTG38ATT AAA73AGA CAT115CCT GAT120AAT TGG122TTG TTG125TTC TTC126TTG AAA151AAT AAA153GTT GGT154GCT CCA155CCT TTC159TCT,V2I R16T T26K L38I K73R H115P D120N W122L L125F F126L K151N K153V G154A F159S,15,14
BA286,pool1,GCTCTTCGACATGTAA,12,GTT2ATC AGA16ACT ACT26AAG TTG38ATT AAA73AGA CAT115CCT GAT120AAT TGG122TTG TTG125TTC TTC126TTG AAA151AAT AAA153GTT GGT154GCT CCA155CCT TTC159TCT,V2I R16T T26K L38I K73R H115P D120N W122L L125F F126L K151N K153V G154A F159S,15,14
BA286,pool1,GCTGAAAGTGATCATC,5,GTT2ATC AGA16ACT ACT26AAG TTG38ATT AAA73AGA CAT115CCT GAT120AAT TGG122TTG TTG125TTC TTC126TTG AAA151AAT AAA153GCT CCA155CCT TTC159TCT,V2I R16T T26K L38I K73R H115P D120N W122L L125F F126L K151N K153A F159S,14,13
BA286,pool1,GGATTACATAGCTGAA,6,GTT2ATC AGA16ACT ACT26AAG TTG38ATT AAA73AGA CAT115CCT GAT120AAT TGG122TTG TTG125TTC TTC126TTG TGT150AAT AAA151GGT GGT152GTT AAA153GCT CCA155CCT TTC159TCT,V2I R16T T26K L38I K73R H115P D120N W122L L125F F126L C150N K151G G152V K153A F159S,16,15
BA286,pool1,GGCCTACTACACCCAA,2,GTT2ATC CAT9ACT AGA16ACT ACT26AAG TTG38ATT AAA73AGA CAT115CCT GAT120AAT TGG122TTG TTG125TTC TTC126TTG AAA151AAT AAA153GCT CCA155CCT TTC159TCT,V2I H9T R16T T26K L38I K73R H115P D120N W122L L125F F126L K151N K153A F159S,15,14
BA286,pool1,GGCGAAACATATATTT,9,GTT2ATC AGA16ACT ACT26AAG TTG38ATT AAA73AGA CAT115CCT GAT120AAT TGG122TTG TTG125TTC TTC126TTG AAA151AAT AAA153GTT CCA155CCT TTC159TCT,V2I R16T T26K L38I K73R H115P D120N W122L L125F F126L K151N K153V F159S,14,13
BA286,pool1,GGCTACCTAGACGTAA,2,GTT2ATC AGA16ACT ACT26AAG TTG38ATT AAA73AGA CAT115CCT GAT120AAT TGG122TTG TTG125TTC TTC126TTG AAA151AAT AAA153GTT GGT154GCT CCA155CCT TTC159TCT,V2I R16T T26K L38I K73R H115P D120N W122L L125F F126L K151N K153V G154A F159S,15,14
BA286,pool1,GGCTAGTACGCCCTTT,6,,,0,0
BA286,pool1,GGGCTTCGACATAGAT,2,GTT2ATC AGA16ACT ACT26AAG TTG38ATT AAA73AGA CAT115CCT GAT120AAT TGG122TTG TTG125TTC TTC126TTG AAA151AAT AAA153GTT GGT154GCT CCA155GGT TTC159TCT,V2I R16T T26K L38I K73R H115P D120N W122L L125F F126L K151N K153V G154A P155G F159S,15,15
BA286,pool1,GGGGAACACTTGATGA,3,GTT2ATC AGA16ACT ACT26AAG TTG38ATT AAA73AGA CAT115CCT GAT120AAT TGG122TTG TTG125TTC TTC126TTG TGT150AAT AAA151GGT GGT152GTT AAA153GCT CCA155CCT TTC159TCT,V2I R16T T26K L38I K73R H115P D120N W122L L125F F126L C150N K151G G152V K153A F159S,16,15
BA286,pool1,GGTAGATTGTAGACTT,8,GTT2ATC AGA16ACT ACT26AAG TTG38ATT AAA73AGA CAT115CCT GAT120AAT TGG122TTG TTG125TTC TTC126TTG AAA151AAT AAA153GTT CCA155CCT TTC159TCT,V2I R16T T26K L38I K73R H115P D120N W122L L125F F126L K151N K153V F159S,14,13
BA286,pool1,GGTATACCGGTATTAA,2,,,0,0
BA286,pool1,GTAATCTTGAAATAAC,1,GTT2ATC AGA16ACT ACT26AAG TTG38ATT AAA73AGA CAT115CCT GAT120AAT TGG122TTG TTG125TTC TTC126TTG AAA151GGT GGT152GTT AAA153GCT CCA155CCT TTC159TCT,V2I R16T T26K L38I K73R H115P D120N W122L L125F F126L K151G G152V K153A F159S,15,14
BA286,pool1,GTACCTCAAATCAAGC,27,GTT2ATC AGA16ACT ACT26AAG TTG38ATT AAA73AGA CAT115CCT GAT120AAT TGG122TTG TTG125TTC TTC126TTG GCT145GTT,V2I R16T T26K L38I K73R H115P D120N W122L L125F F126L A145V,11,11
BA286,pool1,GTACTAGATCCAAACA,1,GTT2ATC AGA16ACT ACT26AAG TTG38ATT AAA73AGA CAT115CCT GAT120AAT TGG122TTG TTG125TTC TTC126TTG AAA151GGT GGT152GTT AAA153GCT CCA155CCT TTC159TCT,V2I R16T T26K L38I K73R H115P D120N W122L L125F F126L K151G G152V K153A F159S,15,14
BA286,pool1,GTAGAACTAGATTTGT,10,GTT2ATC AGA16ACT ACT26AAG TTG38ATT AAA73AGA CAT115CCT GAT120AAT TGG122TTG TTG125TTC TTC126TTG TGT150AAT AAA151GGT GGT152GTT AAA153GCT CCA155CCT TTC159TCT,V2I R16T T26K L38I K73R H115P D120N W122L L125F F126L C150N K151G G152V K153A F159S,16,15
BA286,pool1,GTATAAAATTAGCAAA,5,GTT2ATC AGA16ACT ACT26AAG TTG38ATT AAA73AGA CAT115CCT GAT120AAT TGG122TTG TTG125TTC TTC126TTG TGT150AAT AAA151GGT GGT152GTT AAA153GCT CCA155CCT TTC159TCT,V2I R16T T26K L38I K73R H115P D120N W122L L125F F126L C150N K151G G152V K153A F159S,16,15
BA286,pool1,GTCAAGAAACAGCAAA,3,GTT2ATC AGA16ACT ACT26AAG TGC31TAT,V2I R16T T26K C31Y,4,4
BA286,pool1,TAAACAATAGCAACCA,1,GTT2ATC AGA16ACT TCT19GTT,V2I R16T S19V,3,3
BA286,pool1,TAAAGATAAGGCCTCA,6,GTT2ATC AGA16ACT ACT26AAG TTG38ATT AAA73AGA CAT115CCT GAT120AAT TGG122TTG TTG125TTC TTC126TTG AAA151AAT GGT152GTT AAA153GCT CCA155CCT TTC159TCT,V2I R16T T26K L38I K73R H115P D120N W122L L125F F126L K151N G152V K153A F159S,15,14
BA286,pool1,TAAAGCTAGGGTGTAT,15,GTT2ATC AGA16ACT ACT26AAG TTG38ATT AAA73AGA CAT115CCT GAT120AAT TGG122TTG TTG125TTC TTC126TTG AAA151GGT GGT152GTT AAA153GCT CCA155CCT TTC159TCT,V2I R16T T26K L38I K73R H115P D120N W122L L125F F126L K151G G152V K153A F159S,15,14
BA286,pool1,TAAAGTACTCAGACTT,3,,,0,0
BA286,pool1,TAAATCCGAATTAGTC,4,GTT2ATC AGA16ACT ACT26AAG TTG38ATT AAA73AGA CAT115CCT GAT120AAT TGG122TTG TTG125TTC TTC126TTG,V2I R16T T26K L38I K73R H115P D120N W122L L125F F126L,10,10
BA286,pool1,TAAGCTCGAAACGGCT,8,GTT2ATC AGA16ACT ACT26AAG TTG38ATT AAA73AGA CAT115CCT GAT120AAT TGG122TTG TTG125TTC TTC126TTG AAA151GGT GGT152GTT AAA153GCT CCA155CCT TTC159TCT,V2I R16T T26K L38I K73R H115P D120N W122L L125F F126L K151G G152V K153A F159S,15,14
BA286,pool1,TAAGTCCATGCAACAG,2,GTT2ATC AGA16ACT ACT26AAG TTG38ATT AAA73AGA CAT115CCT GAT120AAT TGG122TTG TTG125TTC TTC126TTG AAA151AAT AAA153GCT CCA155CCT TTC159TCT CAT188TGG,V2I R16T T26K L38I K73R H115P D120N W122L L125F F126L K151N K153A F159S H188W,15,14
BA286,pool1,TAATCAACATCTATGT,2,GTT2ATC AGA16ACT ACT26AAG TCT29CCA TTG38ATT AAA73AGA CAT115CCT GAT120AAT TGG122TTG TTG125TTC TTC126TTG AAA151AAT AAA153GCT CCA155CCT TTC159TCT,V2I R16T T26K S29P L38I K73R H115P D120N W122L L125F F126L K151N K153A F159S,15,14
BA286,pool1,TACAAAAACAAAAAAT,1,GTT2ATC AGA16ACT ACT26AAG TTG38ATT AAA73AGA CAT115CCT GAT120AAT TGG122TTG TTG125TTC TTC126TTG AAA151AAT AAA153GTT GGT154GCT CCA155CCT TTC159TCT,V2I R16T T26K L38I K73R H115P D120N W122L L125F F126L K151N K153V G154A F159S,15,14
BA286,pool1,TACTAGCATACATATG,2,GTT2ATC AGA16ACT ACT26AAG TTG38ATT AAA73AGA CAT115CCT GAT120AAT TGG122TTG TTG125TTC TTC126TTG AAA151AAT GGT152GTT AAA153GCT CCA155CCT TTC159TCT,V2I R16T T26K L38I K73R H115P D120N W122L L125F F126L K151N G152V K153A F159S,15,14
BA286,pool1,TACTGAAATATCACGC,6,GTT2ATC AGA16ACT ACT26AAG TTG38ATT AAA73AGA CAT115CCT GAT120AAT TGG122TTG TTG125TTC TTC126TTG AAA151AAT AAA153GTT GGT154GCT CCA155GGT AAC156CCT TTC159TCT,V2I R16T T26K L38I K73R H115P D120N W122L L125F F126L K151N K153V G154A P155G N156P F159S,16,16
BA286,pool1,TATAAATAAAAACGAT,2,GTT2ATC AGA16ACT ACT26AAG TTG38ATT AAA73AGA CAT115CCT GAT120AAT TGG122TTG TTG125TTC TTC126TTG AAA151AAT AAA153GCT CCA155CCT TTC159TCT TCT163ACT,V2I R16T T26K L38I K73R H115P D120N W122L L125F F126L K151N K153A F159S S163T,15,14
BA286,pool1,TATAACACCTGCAATA,1,GTT2ATC AGA16ACT ACT26AAG TTG38ATT AAA73AGA CAT115CCT GAT120AAT TGG122TTG TTG125TTC TTC126TTG AAA151AAT AAA153GTT CCA155CCT TTC159TCT,V2I R16T T26K L38I K73R H115P D120N W122L L125F F126L K151N K153V F159S,14,13
BA286,pool1,TATAACCAAACTAAAG,3,GTT2ATC AGA16ACT ACT26AAG TTG38ATT AAA73AGA CAT115CCT GAT120AAT TGG122TTG TTG125TTC TTC126TTG AAA151AAT AAA153GTT CCA155CCT TTC159TCT,V2I R16T T26K L38I K73R H115P D120N W122L L125F F126L K151N K153V F159S,14,13
BA286,pool1,TATAGTCACGACCAAT,4,GTT2ATC AGA16ACT ACT26AAG TTG38ATT AAA73AGA CAT115CCT GAT120AAT TGG122TTG TTG125TTC TTC126TTG AAA151AAT AAA153GTT GGT154GCT CCA155GGT AAC156CCT TTC159TCT,V2I R16T T26K L38I K73R H115P D120N W122L L125F F126L K151N K153V G154A P155G N156P F159S,16,16
BA286,pool1,TATGAACTGTAGGCGG,2,GTT2ATC AGA16ACT ACT26AAG TTG38ATT AAA73AGA CAT115CCT GAT120AAT TGG122TTG TTG125TTC TTC126TTG AAA151AAT AAA153GTT GGT154GCT CCA155GGT AAC156CCT TTC159TCT,V2I R16T T26K L38I K73R H115P D120N W122L L125F F126L K151N K153V G154A P155G N156P F159S,16,16
BA286,pool1,TATTGAAACCGTCGAA,10,GTT2ATC AGA16ACT ACT26AAG TTG38ATT AAA73AGA CAT115CCT GAT120AAT TGG122TTG TTG125TTC TTC126TTG AAA151AAT AAA153GTT GGT154GCT CCA155GGT TTC159TCT,V2I R16T T26K L38I K73R H115P D120N W122L L125F F126L K151N K153V G154A P155G F159S,15,15
BA286,pool1,TATTTAGATTTAAAGA,2,GTT2ATC AGA16ACT ACT26AAG TTG38ATT AAA73AGA CAT115CCT GAT120AAT TGG122TTG TTG125TTC TTC126TTG AAA151AAT AAA153GTT GGT154GCT CCA155GGT AAC156CCT TTC159TCT,V2I R16T T26K L38I K73R H115P D120N W122L L125F F126L K151N K153V G154A P155G N156P F159S,16,16
BA286,pool1,TCACCGCACGATCAAA,2,GTT2ATC,V2I,1,1
BA286,pool1,TCATTCGCAAGTTCCA,1,GTT2ATC AGA16ACT ACT26AAG TTG38ATT AAA73AGA CAT115CCT GAT120AAT TGG122TTG TTG125TTC TTC126TTG AAA151AAT GGT152GTT AAA153GCT CCA155CCT TTC159TCT,V2I R16T T26K L38I K73R H115P D120N W122L L125F F126L K151N G152V K153A F159S,15,14
BA286,pool1,TCCAATAATAGCAACG,5,,,0,0
BA286,pool1,TCCCAAATTCATCGGG,4,GTT2ATC AGA16ACT ACT26AAG TTG38ATT AAA73AGA CAT115CCT GAT120AAT TGG122TTG TTG125TTC TTC126TTG AAA151AAT AAA153GTT GGT154GCT CCA155GGT AAC156CCT TTC159TCT,V2I R16T T26K L38I K73R H115P D120N W122L L125F F126L K151N K153V G154A P155G N156P F159S,16,16
BA286,pool1,TCCCATGGAATTTGAC,1,GTT2ATC AGA16ACT ACT26AAG TTG38ATT AAA73AGA CAT115CCT GAT120AAT TGG122TTG TTG125TTC TTC126TTG TGT150AAT AAA151GGT GGT152GTT AAA153GCT CCA155CCT TTC159TCT,V2I R16T T26K L38I K73R H115P D120N W122L L125F F126L C150N K151G G152V K153A F159S,16,15
BA286,pool1,TCCGGGATGACTAAAG,1,GTT2ATC AGA16ACT ACT26AAG TTG38ATT AAA73AGA CAT115CCT GAT120AAT TGG122TTG TTG125TTC TTC126TTG AAA151AAT AAA153GTT GGT154GCT CCA155GGT AAC156CCT TTC159TCT,V2I R16T T26K L38I K73R H115P D120N W122L L125F F126L K151N K153V G154A P155G N156P F159S,16,16
BA286,pool1,TCCTCCGTATAAATGG,2,GTT2ATC AGA16ACT ACT26AAG TTG38ATT AAA73AGA CAT115CCT GAT120AAT TGG122TTG TTG125TTC TTC126TTG AAA151AAT AAA153GTT GGT154GCT CCA155CCT TTC159TCT,V2I R16T T26K L38I K73R H115P D120N W122L L125F F126L K151N K153V G154A F159S,15,14
BA286,pool1,TCGACTTAAACCTGAT,3,GTT2ATC AGA16ACT ACT26AAG TTG38ATT AAA73AGA CAT115CCT GAT120AAT TGG122TTG TTG125TTC TTC126TTG AAA151AAT AAA153GTT GGT154GCT CCA155CCT TTC159TCT,V2I R16T T26K L38I K73R H115P D120N W122L L125F F126L K151N K153V G154A F159S,15,14
BA286,pool1,TCTCTAGTATTTTCGG,2,GTT2ATC AGA16ACT ACT26AAG TTG38ATT AAA73AGA CAT115CCT GAT120AAT TGG122TTG TTG125TTC TTC126TTG AAA151AAT AAA153GTT GGT154GCT CCA155GGT TTC159TCT,V2I R16T T26K L38I K73R H115P D120N W122L L125F F126L K151N K153V G154A P155G F159S,15,15
BA286,pool1,TCTTACCGCCCCTGAA,1,GTT2ATC AGA16ACT ACT26AAG TTG38ATT AAA73AGA CAT115CCT GAT120AAT TGG122TTG TTG125TTC TTC126TTG TGT150AAT AAA151GGT GGT152GTT AAA153GCT CCA155CCT TTC159TCT,V2I R16T T26K L38I K73R H115P D120N W122L L125F F126L C150N K151G G152V K153A F159S,16,15
BA286,pool1,TGCAAGATGCCATCAT,3,GTT2ATC AGA16ACT ACT26AAG TTG38ATT AAA73AGA CAT115CCT GAT120AAT TGG122TTG TTG125TTC TTC126TTG AAA151AAT GGT152GTT AAA153GCT CCA155CCT TTC159TCT,V2I R16T T26K L38I K73R H115P D120N W122L L125F F126L K151N G152V K153A F159S,15,14
BA286,pool1,TGCATCACGCGCACTT,2,GTT2ATC AGA16ACT ACT26AAG TTG38ATT AAA73AGA CAT115CCT GAT120AAT TGG122TTG TTG125TTC TTC126TTG AAA151AAT AAA153GTT GGT154GCT CCA155CCT TTC159TCT,V2I R16T T26K L38I K73R H115P D120N W122L L125F F126L K151N K153V G154A F159S,15,14
BA286,pool1,TGGAGCCCACACCCCT,5,GTT2ATC AGA16ACT ACT26AAG TTG38ATT AAA73AGA CAT115CCT GAT120AAT TGG122TTG TTG125TTC TTC126TTG AAA151AAT AAA153GTT GGT154GCT CCA155CCT TTC159TCT,V2I R16T T26K L38I K73R H115P D120N W122L L125F F126L K151N K153V G154A F159S,15,14
BA286,pool1,TGGTACTTTCGTATTA,3,GTT2ATC AGA16ACT ACT26AAG TTG38ATT AAA73AGA CAT115CCT GAT120AAT TGG122TTG TTG125TTC TTC126TTG TGT150AAT AAA151GGT GGT152GTT AAA153GCT CCA155CCT TTC159TCT,V2I R16T T26K L38I K73R H115P D120N W122L L125F F126L C150N K151G G152V K153A F159S,16,15
BA286,pool1,TTACTTACGTCTATCC,5,GTT2ATC AGA16ACT ACT26AAG TTG38ATT AAA73AGA CAT115CCT GAT120AAT TGG122TTG TTG125TTC TTC126TTG AAA151GGT GGT152GTT AAA153GCT CCA155CCT TTC159TCT,V2I R16T T26K L38I K73R H115P D120N W122L L125F F126L K151G G152V K153A F159S,15,14
BA286,pool1,TTAGAAAGACGGCACT,6,GTT2ATC AGA16ACT ACT26AAG TTG38ATT AAA73AGA CAT115CCT GAT120AAT TGG122TTG TTG125TTC TTC126TTG TGT150AAT AAA151GGT GGT152GTT AAA153GCT CCA155CCT TTC159TCT,V2I R16T T26K L38I K73R H115P D120N W122L L125F F126L C150N K151G G152V K153A F159S,16,15
BA286,pool1,TTTTACTCAGTACAAT,2,GTT2ATC AGA16ACT ACT26AAG TTG38ATT AAA73AGA CAT115CCT GAT120AAT TGG122TTG TTG125TTC TTC126TTG AAA151AAT AAA153GTT GGT154GCT CCA155GGT TTC159TCT,V2I R16T T26K L38I K73R H115P D120N W122L L125F F126L K151N K153V G154A P155G F159S,15,15
BA286,pool2,AAAAAAAGCCCCACTC,1,GTT2ATC AGA16ACT ACT26AAG TTG38ATT AAA73AGA CAT115CCT GAT120AAT TGG122TTG TTG125TTC TTC126TTG TGT150AAT AAA151GGT GGT152GTT AAA153GCT CCA155CCT TTC159TCT,V2I R16T T26K L38I K73R H115P D120N W122L L125F F126L C150N K151G G152V K153A F159S,16,15
BA286,pool2,AAAATCAATATCCTAA,1,GTT2ATC AGA16ACT ACT26AAG TTG38ATT AAA73AGA CAT115CCT GAT120AAT TGG122TTG TTG125TTC TTC126TTG TGT150AAT AAA151GGT GGT152GTT AAA153GCT CCA155CCT TTC159TCT,V2I R16T T26K L38I K73R H115P D120N W122L L125F F126L C150N K151G G152V K153A F159S,16,15
BA286,pool2,AAAATTTTGTTCAAAA,4,GTT2ATC AGA16ACT ACT26AAG TTG38ATT AAA73AGA CAT115CCT GAT120AAT TGG122TTG TTG125TTC TTC126TTG AAA151AAT AAA153GTT GGT154GCT CCA155CCT TTC159TCT,V2I R16T T26K L38I K73R H115P D120N W122L L125F F126L K151N K153V G154A F159S,15,14
BA286,pool2,AAACTTCGGTCCAAGG,2,GTT2ATC AGA16ACT ACT26AAG TTG38ATT AAA73AGA CAT115CCT GAT120AAT TGG122TTG TTG125TTC TTC126TTG AAA151AAT GGT152GTT AAA153GCT CCA155CCT TTC159TCT,V2I R16T T26K L38I K73R H115P D120N W122L L125F F126L K151N G152V K153A F159S,15,14
BA286,pool2,AAAGGACACAATGGAT,1,GTT2ATC AGA16ACT ACT26AAG TTG38ATT AAA73AGA CAT115CCT GAT120AAT TGG122TTG TTG125TTC TTC126TTG AAA151GGT GGT152GTT AAA153GCT CCA155CCT TTC159TCT,V2I R16T T26K L38I K73R H115P D120N W122L L125F F126L K151G G152V K153A F159S,15,14
BA286,pool2,AAATAAAAAATTGAAC,11,GTT2ATC AGA16ACT ACT26AAG TTG38ATT AAA73AGA CAT115CCT GAT120AAT TGG122TTG TTG125TTC TTC126TTG AAA151AAT AAA153GTT CCA155CCT TTC159TCT,V2I R16T T26K L38I K73R H115P D120N W122L L125F F126L K151N K153V F159S,14,13
BA286,pool2,AAATAAAGATACGGTT,3,GTT2ATC AGA16ACT ACT26AAG TTG38ATT AAA73AGA CAT115CCT GAT120AAT TGG122TTG TTG125TTC TTC126TTG AAA151AAT GGT152GTT AAA153GCT CCA155CCT TTC159TCT,V2I R16T T26K L38I K73R H115P D120N W122L L125F F126L K151N G152V K153A F159S,15,14
BA286,pool2,AAATCATGTGATACGA,2,GTT2ATC AGA16ACT ACT26AAG TTG38ATT AAA73AGA CAT115CCT GAT120AAT TGG122TTG TTG125TTC TTC126TTG AAA151AAT AAA153GTT CCA155CCT TTC159TCT,V2I R16T T26K L38I K73R H115P D120N W122L L125F F126L K151N K153V F159S,14,13
BA286,pool2,AAATCCAATAGTAACC,5,GTT2ATC AGA16ACT ACT26AAG TTG38ATT AAA73AGA CAT115CCT GAT120AAT TGG122TTG TTG125TTC TTC126TTG AAG128GAG AAA151AAT AAA153GTT GGT154GCT CCA155CCT TTC159TCT,V2I R16T T26K L38I K73R H115P D120N W122L L125F F126L K128E K151N K153V G154A F159S,16,15
BA286,pool2,AAATTAGAACAACGTA,6,GTT2ATC AGA16ACT ACT26AAG TTG38TTT AAA73AGA CAT115CCT GAT120AAT TGG122TTG TTG125TTC TTC126TTG TCC129CCC AAA151GGT GGT152GTT AAA153GCT CCA155CCT TTC159TCT,V2I R16T T26K L38F K73R H115P D120N W122L L125F F126L S129P K151G G152V K153A F159S,16,15
BA286,pool2,AAATTATAGAGTAAGT,3,GTT2ATC AGA16ACT ACT26AAG TTG38ATT AAA73AGA CAT115CCT GAT120AAT TGG122TTG TTG125TTC TTC126TTG AAA151AAT AAA153GTT GGT154GCT CCA155CCT TTC159TCT,V2I R16T T26K L38I K73R H115P D120N W122L L125F F126L K151N K153V G154A F159S,15,14
BA286,pool2,AAGAAATCCCAAATAT,14,GTT2ATC AGA16ACT ACT26AAG TTG38ATT AAA73AGA CAT115CCT GAT120AAT TGG122TTG TTG125TTC TTC126TTG AAA151AAT GGT152GTT AAA153GCT CCA155CCT TTC159TCT,V2I R16T T26K L38I K73R H115P D120N W122L L125F F126L K151N G152V K153A F159S,15,14
BA286,pool2,AAGAAGAGACAATTAT,2,GTT2ATC AGA16ACT ACT26AAG TTG38ATT AAA73AGA CAT115CCT GAT120AAT TGG122TTG TTG125TTC TTC126TTG AAA151AAT AAA153GTT CCA155CCT TTC159TCT,V2I R16T T26K L38I K73R H115P D120N W122L L125F F126L K151N K153V F159S,14,13
BA286,pool2,AAGATGTGCAGTAACA,1,GTT2ATC AGA16ACT ACT26AAG TTG38ATT AAA73AGA CAT115CCT GAT120AAT TGG122TTG TTG125TTC TTC126TTG AAA151AAT AAA153GTT CCA155CCT TTC159TCT,V2I R16T T26K L38I K73R H115P D120N W122L L125F F126L K151N K153V F159S,14,13
BA286,pool2,AAGCAGGGATTTAGTG,7,GTT2ATC AGA16ACT ACT26AAG TTG38ATT AAA73AGA CAT115CCT GAT120AAT TGG122TTG TTG125TTC TTC126TTG AAA151GGT GGT152GTT AAA153GCT CCA155CCT TTC159TCT,V2I R16T T26K L38I K73R H115P D120N W122L L125F F126L K151G G152V K153A F159S,15,14
BA286,pool2,AATACGTATTTGTCGT,5,GTT2ATC AGA16ACT ACT26AAG TTG38ATT AAA73AGA CAT115CCT GAT120AAT TGG122TTG TTG125TTC TTC126TTG AAA151GGT GGT152GTT AAA153GCT CCA155CCT TTC159TCT,V2I R16T T26K L38I K73R H115P D120N W122L L125F F126L K151G G152V K153A F159S,15,14
BA286,pool2,AATATTACGTGGCATC,4,GTT2ATC AGA16ACT ACT26AAG TTG38ATT AAA73AGA,V2I R16T T26K L38I K73R,5,5
BA286,pool2,AATCAAAAATGTCGAA,2,GTT2ATC AGA16ACT ACT26AAG TTG38ATT AAA73AGA CAT115CCT GAT120AAT TGG122TTG TTG125TTC TTC126TTG TGT150AAT AAA151GGT GGT152GTT AAA153GCT CCA155CCT TTC159TCT,V2I R16T T26K L38I K73R H115P D120N W122L L125F F126L C150N K151G G152V K153A F159S,16,15
BA286,pool2,AATCGCATCTTTCTGA,1,GTT2ATC AGA16ACT ACT26AAG TTG38ATT AAA73AGA CAT115CCT GAT120AAT TGG122TTG TTG125TTC TTC126TTG AAA151AAT AAA153GTT GGT154GCT CCA155GGT TTC159TCT,V2I R16T T26K L38I K73R H115P D120N W122L L125F F126L K151N K153V G154A P155G F159S,15,15
BA286,pool2,AATGACGCAACCGATC,1,GTT2ATC AGA16ACT ACT26AAG TTG38ATT AAA73AGA CAT115CCT GAT120AAT TGG122TTG TTG125TTC TTC126TTG AAA151AAT AAA153GTT CCA155CCT TTC159TCT,V2I R16T T26K L38I K73R H115P D120N W122L L125F F126L K151N K153V F159S,14,13
BA286,pool2,AATGCTCTTATCTGGA,1,GTT2ATC AGA16ACT ACT26AAG TTG38ATT AAA73AGA CAT115CCT GAT120AAT TGG122TTG TTG125TTC TTC126TTG AAA151AAT AAA153GTT GGT154GCT CCA155CCT TTC159TCT,V2I R16T T26K L38I K73R H115P D120N W122L L125F F126L K151N K153V G154A F159S,15,14
BA286,pool2,AATTGCATCCAAAAGG,4,GTT2ATC AGA16ACT ACT26AAG TTG38ATT AAA73AGA CAT115CCT GAT120AAT TGG122TTG TTG125TTC TTC126TTG AAA151AAT AAA153GTT GGT154GCT CCA155GGT AAC156CCT TTC159TCT,V2I R16T T26K L38I K73R H115P D120N W122L L125F F126L K151N K153V G154A P155G N156P F159S,16,16
BA286,pool2,ACAAAATAAATTCGCG,5,GTT2ATC AGA16ACT ACT26AAG TTG38ATT AAA73AGA CAT115CCT GAT120AAT TGG122TTG TTG125TTC TTC126TTG TGT150AAT AAA151GGT GGT152GTT AAA153GCT CCA155CCT TTC159TCT,V2I R16T T26K L38I K73R H115P D120N W122L L125F F126L C150N K151G G152V K153A F159S,16,15
BA286,pool2,ACAAACGAGAGGAGGG,2,GTT2ATC AGA16ACT ACT26AAG TTG38ATT AAA73AGA CAT115CCT GAT120AAT TGG122TTG TTG125TTC TTC126TTG AAA151GGT GGT152GTT AAA153GCT CCA155CCT TTC159TCT,V2I R16T T26K L38I K73R H115P D120N W122L L125F F126L K151G G152V K153A F159S,15,14
BA286,pool2,ACAAAGTACGTTCGTA,2,GTT2ATC AGA16ACT ACT26AAG TTG38ATT AAA73AGA,V2I R16T T26K L38I K73R,5,5
BA286,pool2,ACAGAACCAGCCCGGA,2,GTT2ATC AGA16ACT ACT26AAG TTG38ATT AAA73AGA CAT115CCT GAT120AAT TGG122TTG TTG125TTC TTC126TTG GGT152GTT AAA153GCT CCA155CCT TTC159TCT,V2I R16T T26K L38I K73R H115P D120N W122L L125F F126L G152V K153A F159S,14,13
BA286,pool2,ACATAGGACACGGGCC,2,GTT2ATC AGA16ACT ACT26AAG TTG38ATT AAA73AGA CAT115CCT GAT120AAT TGG122TTG TTG125TTC TTC126TTG AAA151AAT AAA153GCT CCA155CCT TTC159TCT,V2I R16T T26K L38I K73R H115P D120N W122L L125F F126L K151N K153A F159S,14,13
BA286,pool2,ACCAAGGGACATATAT,2,GTT2ATC AGA16ACT ACT26AAG TTG38ATT AAA73AGA CAT115CCT GAT120AAT TGG122TTG TTG125TTC TTC126TTG AAA151GGT GGT152GTT AAA153GCT CCA155CCT TTC159TCT,V2I R16T T26K L38I K73R H115P D120N W122L L125F F126L K151G G152V K153A F159S,15,14
BA286,pool2,ACCACAAAGCACATTG,2,GTT2ATC AGA16ACT ACT26AAG TTG38ATT AAA73AGA GAT98GAA CAT115CCT GAT120AAT TGG122TTG TTG125TTC TTC126TTG AAA151AAT AAA153GCT CCA155CCT TTC159TCT,V2I R16T T26K L38I K73R D98E H115P D120N W122L L125F F126L K151N K153A F159S,15,14
BA286,pool2,ACCATAAACAGTGCTA,5,GTT2ATC AGA16ACT ACT26AAG TTG38ATT AAA73AGA CAT115CCT GAT120AAT TGG122TTG TTG125TTC TTC126TTG TGT150AAT AAA151GGT GGT152GTT AAA153GCT CCA155CCT TTC159TCT,V2I R16T T26K L38I K73R H115P D120N W122L L125F F126L C150N K151G G152V K153A F159S,16,15
BA286,pool2,ACCTGAAAAAAACCAG,4,GTT2ATC AGA16ACT ACT26AAG TTG38ATT AAA73AGA CAT115CCT GAT120AAT TGG122TTG TTG125TTC TTC126TTG AAA151AAT AAA153GCT CCA155CCT TTC159TCT,V2I R16T T26K L38I K73R H115P D120N W122L L125F F126L K151N K153A F159S,14,13
BA286,pool2,ACGAGAATGTTCGTGG,1,GTT2ATC AGA16ACT ACT26AAG TTG38ATT AAA73AGA CAT115CCT GAT120AAT TGG122TTG TTG125TTC TTC126TTG AAA151AAT AAA153GCT CCA155CCT TTC159TCT,V2I R16T T26K L38I K73R H115P D120N W122L L125F F126L K151N K153A F159S,14,13
BA286,pool2,ACGCACTACGAGAATC,3,GTT2ATC AGA16ACT ACT26AAG TTG38ATT AAA73AGA CAT115CCT GAT120AAT TGG122TTG TTG125TTC TTC126TTG AAA151AAT GGT152GTT AAA153GCT CCA155CCT TTC159TCT,V2I R16T T26K L38I K73R H115P D120N W122L L125F F126L K151N G152V K153A F159S,15,14
BA286,pool2,ACTATACCGAACTAAA,4,GTT2ATC AGA16ACT ACT26AAG TTG38ATT AAA73AGA TTC99--- CAT115CCT GAT120AAT TGG122TTG TTG125TTC TTC126TTG,V2I R16T T26K L38I K73R F99- H115P D120N W122L L125F F126L,11,11
BA286,pool2,ACTCACAGTGTTCATT,7,GTT2ATC AGA16ACT ACT26AAG TTG38ATT AAA73AGA CAT115CCT GAT120AAT TGG122TTG TTG125TTC TTC126TTG AAA151AAT AAA153GTT GGT154GCT CCA155GGT TTC159TCT,V2I R16T T26K L38I K73R H115P D120N W122L L125F F126L K151N K153V G154A P155G F159S,15,15
BA286,pool2,ACTGACCTTCCCTGGA,8,GTT2ATC AGA16ACT ACT26AAG TTG38ATT AAA73AGA CAT115CCT GAT120AAT TGG122TTG TTG125TTC TTC126TTG AAA151GGT GGT152GTT AAA153GCT CCA155CCT TTC159TCT,V2I R16T T26K L38I K73R H115P D120N W122L L125F F126L K151G G152V K153A F159S,15,14
BA286,pool2,ACTTGTATAGAACTCA,2,GTT2ATC AGA16ACT ACT26AAG TTG38ATT AAA73AGA CAT115CCT GAT120AAT TGG122TTG TTG125TTC TTC126TTG TGT150AAT AAA151GGT GGT152GTT AAA153GCT CCA155CCT TTC159TCT,V2I R16T T26K L38I K73R H115P D120N W122L L125F F126L C150N K151G G152V K153A F159S,16,15
BA286,pool2,AGAACATTCCCATATA,1,GTT2ATC AGA16ACT ACT26AAG TTG38ATT AAA73AGA CAT115CCT GAT120AAT TGG122TTG TTG125TTC TTC126TTG AAA151AAT AAA153GTT CCA155CCT TTC159TCT,V2I R16T T26K L38I K73R H115P D120N W122L L125F F126L K151N K153V F159S,14,13
BA286,pool2,AGAGAACTTAAATGAG,2,GTT2ATC AGA16ACT ACT26AAG TTG38ATT AAA73AGA CAT115CCT GAT120AAT TGG122TTG TTG125TTC TTC126TTG AAA151AAT GGT152GTT AAA153GCT CCA155CCT TTC159TCT,V2I R16T T26K L38I K73R H115P D120N W122L L125F F126L K151N G152V K153A F159S,15,14
BA286,pool2,AGAGAAGTTTCATCCA,2,GTT2ATC AGA16ACT ACT26AAG TTG38ATT AAA73AGA ATT88TTG CAT115CCT GAT120AAT TGG122TTG TTG125TTC TTC126TTG AAA151AAT AAA153GCT CCA155CCT TTC159TCT,V2I R16T T26K L38I K73R I88L H115P D120N W122L L125F F126L K151N K153A F159S,15,14
BA286,pool2,AGAGACGTACTGGTCT,14,GTT2ATC AGA16ACT ACT26AAG TTG38ATT AAA73AGA CAT115CCT GAT120AAT TGG122TTG TTG125TTC TTC126TTG AAA151AAT AAA153GTT GGT154GCT CCA155GGT AAC156CCT TTC159TCT,V2I R16T T26K L38I K73R H115P D120N W122L L125F F126L K151N K153V G154A P155G N156P F159S,16,16
BA286,pool2,AGATACAAAAGTGGTA,3,GTT2ATC AGA16ACT ACT26AAG TTG38ATT AAA73AGA CAT115CCT GAT120AAT TGG122TTG TTG125TTC TTC126TTG AAA151AAT AAA153GTT GGT154GCT CCA155CCT TTC159TCT,V2I R16T T26K L38I K73R H115P D120N W122L L125F F126L K151N K153V G154A F159S,15,14
BA286,pool2,AGATTATAAACCCATA,2,GTT2ATC AGA16ACT ACT26AAG TTG38ATT AAA73AGA,V2I R16T T26K L38I K73R,5,5
BA286,pool2,AGCAGCCGTTGTCTCC,1,GTT2ATC AGA16ACT ACT26AAG TTG38ATT AAA73AGA CAT115CCT GAT120AAT TGG122TTG TTG125TTC TTC126TTG AAA151AAT AAA153GTT CCA155CCT TTC159TCT,V2I R16T T26K L38I K73R H115P D120N W122L L125F F126L K151N K153V F159S,14,13
BA286,pool2,AGCATGTTGTCACAAC,1,GTT2ATC AGA16ACT ACT26AAG TTG38ATT AAA73AGA CAT115CCT GAT120AAT TGG122TTG TTG125TTC TTC126TTG CGT127GGT,V2I R16T T26K L38I K73R H115P D120N W122L L125F F126L R127G,11,11
BA286,pool2,AGCGAAACAGCCCCTT,1,GTT2ATC AGA16ACT ACT26AAG TTG38ATT AAA73AGA CAT115CCT GAT120AAT TGG122TTG TTG125TTC TTC126TTG AAA151AAT AAA153GTT GGT154GCT CCA155GGT AAC156CCT TTC159TCT,V2I R16T T26K L38I K73R H115P D120N W122L L125F F126L K151N K153V G154A P155G N156P F159S,16,16
BA286,pool2,AGCGCATTATGGCCTA,2,GTT2ATC AGA16ACT ACT26AAG TTG38ATT AAA73AGA CAT115CCT GAT120AAT TGG122TTG TTG125TTC TTC126TTG AAA151AAT AAA153GTT GGT154GCT CCA155GGT TTC159TCT,V2I R16T T26K L38I K73R H115P D120N W122L L125F F126L K151N K153V G154A P155G F159S,15,15
BA286,pool2,AGCGTGACAACTCACG,1,GTT2ATC AGA16ACT ACT26AAG TTG38ATT AAA73AGA CAT115CCT GAT120AAT TGG122TTG TTG125TTC TTC126TTG AAA151AAT GGT152GTT AAA153GCT CCA155CCT TTC159TCT,V2I R16T T26K L38I K73R H115P D120N W122L L125F F126L K151N G152V K153A F159S,15,14
BA286,pool2,AGCTAGGAGCCTACTT,3,GTT2ATC AGA16ACT ACT26AAG TTG38ATT AAA73AGA CAT115CCT GAT120AAT TGG122TTG TTG125TTC TTC126TTG AAA151AAT AAA153GTT GGT154GCT CCA155GGT TTC159TCT,V2I R16T T26K L38I K73R H115P D120N W122L L125F F126L K151N K153V G154A P155G F159S,15,15
BA286,pool2,AGTACTATCTATGTCA,3,GTT2ATC AGA16ACT ACT26AAG TTG38ATT AAA73AGA CAT115CCT GAT120AAT TGG122TTG TTG125TTC TTC126TTG AAA151AAT AAA153GTT GGT154GCT CCA155CCT TTC159TCT,V2I R16T T26K L38I K73R H115P D120N W122L L125F F126L K151N K153V G154A F159S,15,14
BA286,pool2,AGTATTGGAATACCCC,1,GTT2ATC AGA16ACT ACT26AAG TTG38ATT AAA73AGA CAT115CCT GAT120AAT TGG122TTG TTG125TTC TTC126TTG TGT150AAT AAA151GGT GGT152GTT AAA153GCT CCA155CCT TTC159TCT,V2I R16T T26K L38I K73R H115P D120N W122L L125F F126L C150N K151G G152V K153A F159S,16,15
BA286,pool2,AGTCAAAAATTAACTC,4,GTT2ATC AGA16ACT ACT26AAG TTG38ATT AAA73AGA CAT115CCT GAT120AAT TGG122TTG TTG125TTC TTC126TTG TGT150AAT AAA151GGT GGT152GTT AAA153GCT CCA155CCT TTC159TCT,V2I R16T T26K L38I K73R H115P D120N W122L L125F F126L C150N K151G G152V K153A F159S,16,15
BA286,pool2,AGTCTATAAACGTTAT,1,,,0,0
BA286,pool2,ATACAACGTTTGACTA,17,GTT2ATC AGA16ACT ACT26AAG GTC37GTT TTG38AGA AAA73AGA CAT115CCT GAT120AAT TGG122TTG TTG125TTC TTC126TTG,V2I R16T T26K L38R K73R H115P D120N W122L L125F F126L,11,10
BA286,pool2,ATACTATATGGGTATA,5,GTT2ATC AGA16ACT ACT26AAG TTG38ATT AAA73AGA CAT115CCT GAT120AAT TGG122TTG TTG125TTC TTC126TTG AAA151AAT GGT152GTT AAA153GCT CCA155CCT TTC159TCT,V2I R16T T26K L38I K73R H115P D120N W122L L125F F126L K151N G152V K153A F159S,15,14
BA286,pool2,ATACTTAACCTCGAAA,3,GTT2ATC AGA16ACT ACT26AAG TTG38ATT AAA73AGA CAT115CCT GAT120AAT TGG122TTG TTG125TTC TTC126TTG AAA151AAT AAA153GTT GGT154GCT CCA155GGT AAC156CCT TTC159TCT,V2I R16T T26K L38I K73R H115P D120N W122L L125F F126L K151N K153V G154A P155G N156P F159S,16,16
BA286,pool2,ATATTAGAACACATAA,21,GTT2ATC AGA16ACT ACT26AAG TTG38ATT AAA73AGA CAT115CCT GAT120AAT TGG122TTG TTG125TTC TTC126TTG AAA151AAT GGT152GTT AAA153GCT CCA155CCT TTC159TCT,V2I R16T T26K L38I K73R H115P D120N W122L L125F F126L K151N G152V K153A F159S,15,14
BA286,pool2,ATCAAAAACGATGATG,4,GTT2ATC AGA16ACT ACT26AAG TTG38ATT AAA73AGA CAT115CCT GAT120AAT TGG122TTG TTG125TTC TTC126TTG AAA151AAT GGT152GTT AAA153GCT CCA155CCT TTC159TCT,V2I R16T T26K L38I K73R H115P D120N W122L L125F F126L K151N G152V K153A F159S,15,14
BA286,pool2,ATCAAAAGCAAAGTGG,1,GTT2ATC AGA16ACT ACT26AAG TTG38ATT AAA73AGA CAT115CCT GAT120AAT TGG122TTG TTG125TTC TTC126TTG AAA151AAT AAA153GTT GGT154GCT CCA155GGT AAC156CCT TTC159TCT,V2I R16T T26K L38I K73R H115P D120N W122L L125F F126L K151N K153V G154A P155G N156P F159S,16,16
BA286,pool2,ATCCCAGCGGTAAATT,1,GTT2ATC AGA16ACT ACT26AAG TTG38ATT AAA73AGA CAT115CCT GAT120AAT TGG122TTG TTG125TTC TTC126TTG AAA151AAT AAA153GTT CCA155CCT TTC159TCT,V2I R16T T26K L38I K73R H115P D120N W122L L125F F126L K151N K153V F159S,14,13
BA286,pool2,ATGTGCATCGATTATA,2,GTT2ATC AGA16ACT ACT26AAG TTG38ATT AAA73AGA CAT115CCT GAT120AAT TGG122TTG TTG125TTC TTC126TTG AAA151AAT AAA153GTT GGT154GCT CCA155GGT AAC156CCT TTC159TCT,V2I R16T T26K L38I K73R H115P D120N W122L L125F F126L K151N K153V G154A P155G N156P F159S,16,16
BA286,pool2,ATTAGTGATGGAGTTG,1,GTT2ATC AGA16ACT ACT26AAG TTG38ATT AAA73AGA CAT115CCT GAT120AAT TGG122TTG TTG125TTC TTC126TTG AAA151AAT AAA153GTT GGT154GCT CCA155GGT AAC156CCT TTC159TCT,V2I R16T T26K L38I K73R H115P D120N W122L L125F F126L K151N K153V G154A P155G N156P F159S,16,16
BA286,pool2,ATTATGGGAGCGCTAG,8,GTT2ATC AGA16ACT ACT26AAG TTG38ATT AAA73AGA CAT115CCT GAT120AAT TGG122TTG TTG125CAA TTC126TTG,V2I R16T T26K L38I K73R H115P D120N W122L L125Q F126L,10,10
BA286,pool2,ATTCTGCAAGATACAA,3,GTT2ATC AGA16ACT ACT26AAG TTG38ATT AAA73AGA CAT115CCT GAT120AAT TGG122TTG TTG125TTC TTC126TTG TGT150AAT AAA151GGT GGT152GTT AAA153GCT CCA155CCT TTC159TCT,V2I R16T T26K L38I K73R H115P D120N W122L L125F F126L C150N K151G G152V K153A F159S,16,15
BA286,pool2,CAAATTATCCAGATCA,1,GTT2ATC AGA16ACT ACT26AAG TTG38ATT AAA73AGA CAT115CCT GAT120AAT TGG122TTG TTG125TTC TTC126TTG AAA151AAT GGT152GTT AAA153GCT CCA155CCT TTC159TCT,V2I R16T T26K L38I K73R H115P D120N W122L L125F F126L K151N G152V K153A F159S,15,14
BA286,pool2,CAAGGCCATAGAAAAC,3,GTT2ATC AGA16ACT ACT26AAG TTG38ATT AAA73AGA CAT115CCT GAT120AAT TGG122TTG TTG125TTC TTC126TTG AAA151AAT AAA153GTT GGT154GCT CCA155GGT TTC159TCT,V2I R16T T26K L38I K73R H115P D120N W122L L125F F126L K151N K153V G154A P155G F159S,15,15
BA286,pool2,CACACGGAACCAAATC,1,GTT2ATC AGA16ACT ACT26AAG TTG38ATT AAA73AGA,V2I R16T T26K L38I K73R,5,5
BA286,pool2,CACCCCAACTCAATCA,21,GTT2ATC AGA16ACT ACT26AAG TTG38ATT AAA73AGA CAT115CCT GAT120AAT TGG122TTG TTG125TTC TTC126TTG AAA151AAT AAA153GTT GGT154GCT CCA155GGT TTC159TCT,V2I R16T T26K L38I K73R H115P D120N W122L L125F F126L K151N K153V G154A P155G F159S,15,15
BA286,pool2,CACGTAAAGCCCAATA,1,GTT2ATC AGA16ACT ACT26AAG TTG38ATT AAA73AGA CAT115CCT GAT120AAT TGG122TTG TTG125TTC TTC126TTG AAA151AAT GGT152GTT AAA153GCT CCA155CCT TTC159TCT,V2I R16T T26K L38I K73R H115P D120N W122L L125F F126L K151N G152V K153A F159S,15,14
BA286,pool2,CACTCCACTAGTGCCT,2,GTT2ATC AGA16ACT ACT26AAG TTG38ATT AAA73AGA CAT115CCT GAT120AAT TGG122TTG TTG125TTC TTC126TTG AAA151AAT AAA153GCT CCA155CCT TTC159TCT,V2I R16T T26K L38I K73R H115P D120N W122L L125F F126L K151N K153A F159S,14,13
BA286,pool2,CACTTTAGTCACAGTA,1,GTT2ATC AGA16ACT ACT26AAG TTG38ATT AAA73AGA CAT115CCT GAT120AAT TGG122TTG TTG125TTC TTC126TTG AAA151AAT AAA153GTT CCA155CCT TTC159TCT,V2I R16T T26K L38I K73R H115P D120N W122L L125F F126L K151N K153V F159S,14,13
BA286,pool2,CAGATAGTAAGAATCA,7,GTT2ATC AGA16ACT ACT26AAG TTG38ATT AAA73AGA CAT115CCT GAT120AAT TGG122TTG TTG125TTC TTC126TTG TGT150AAT AAA151GGT GGT152GTT AAA153GCT CCA155CCT TTC159TCT,V2I R16T T26K L38I K73R H115P D120N W122L L125F F126L C150N K151G G152V K153A F159S,16,15
BA286,pool2,CAGGGACAGAAACCCA,1,GTT2ATC AGA16ACT ACT26AAG TTG38ATT AAA73AGA CAT115CCT GAT120AAT TGG122TTG TTG125TTC TTC126TTG AAA151AAT GGT152GTT AAA153GCT CCA155CCT TTC159TCT,V2I R16T T26K L38I K73R H115P D120N W122L L125F F126L K151N G152V K153A F159S,15,14
BA286,pool2,CAGGGATTGACACAAA,8,,,0,0
BA286,pool2,CAGTTGGCCAAGCGGT,24,GTT2ATC AGA16ACT ACT26AAG TTG38ATT AAA73AGA TGG106TGA CAT115CCT GAT120AAT TGG122TTG TTG125TTC TTC126TTG AAA151AAT AAA153GTT CCA155CCT TTC159TCT,V2I R16T T26K L38I K73R W106* H115P D120N W122L L125F F126L K151N K153V F159S,15,14
BA286,pool2,CATGTCGTTCTCCAGC,13,GTT2ATC AGA16ACT ACT26AAG TTG38ATT AAA73AGA CAT115CCT GAT120AAT TGG122TTG TTG125TTC TTC126TTG AAA151GGT GGT152GTT AAA153GCT CCA155CCT TTC159TCT,V2I R16T T26K L38I K73R H115P D120N W122L L125F F126L K151G G152V K153A F159S,15,14
BA286,pool2,CATTAGATTGTGGACT,1,GTT2ATC AGA16ACT ACT26AAG TTG38ATT AAA73AGA CAT115CCT GAT120AAT TGG122TTG TTG125TTC TTC126TTG AAA151AAT AAA153GTT GGT154GCT CCA155GGT AAC156CCT TTC159TCT,V2I R16T T26K L38I K73R H115P D120N W122L L125F F126L K151N K153V G154A P155G N156P F159S,16,16
BA286,pool2,CATTTAGCAATGCCTG,1,GTT2ATC AGA16ACT ACT26AAG TTG38ATT AAA73AGA CAT115CCT GAT120AAT TGG122TTG TTG125TTC TTC126TTG AAA151AAT AAA153GTT CCA155CCT TTC159TCT,V2I R16T T26K L38I K73R H115P D120N W122L L125F F126L K151N K153V F159S,14,13
BA286,pool2,CCACATTATGGCGATT,1,GTT2ATC AGA16ACT ACT26AAG TTG38ATT AAA73AGA GGT101CAA CAT115CCT GAT120AAT TGG122TTG TTG125TTC TTC126TTG,V2I R16T T26K L38I K73R G101Q H115P D120N W122L L125F F126L,11,11
BA286,pool2,CCCACCCTTCGAAAAA,7,GTT2ATC AGA16ACT ACT26AAG TTG38ATT AAA73AGA CAT115CCT GAT120AAT TGG122TTG TTG125TTC TTC126TTG TGT150AAT AAA151GGT GGT152GTT AAA153GCT CCA155CCT TTC159TCT,V2I R16T T26K L38I K73R H115P D120N W122L L125F F126L C150N K151G G152V K153A F159S,16,15
BA286,pool2,CCGCACCCCCGTTAAA,1,GTT2ATC AGA16ACT ACT26AAG TTG38ATT AAA73AGA CAT115CCT GAT120AAT TGG122TTG TTG125TTC TTC126TTG AAA151AAT AAA153GCT CCA155CCT TTC159TCT,V2I R16T T26K L38I K73R H115P D120N W122L L125F F126L K151N K153A F159S,14,13
BA286,pool2,CCGGATAAGATAATCG,2,GTT2ATC AGA16ACT ACT26AAG TTG38ATT AAA73AGA CAT115CCT GAT120AAT TGG122TTG TTG125TTC TTC126TTG TGT150AAT AAA151GGT GGT152GTT AAA153GCT CCA155CCT TTC159TCT,V2I R16T T26K L38I K73R H115P D120N W122L L125F F126L C150N K151G G152V K153A F159S,16,15
BA286,pool2,CCTAATTAATCTCAAA,5,GTT2ATC AGA16ACT ACT26AAG TTG38ATT AAA73AGA CAT115CCT GAT120AAT TGG122TTG TTG125TTC TTC126TTG AAA151AAT GGT152GTT AAA153GCT CCA155CCT TTC159TCT,V2I R16T T26K L38I K73R H115P D120N W122L L125F F126L K151N G152V K153A F159S,15,14
BA286,pool2,CCTACAAGATACCTTT,1,GTT2ATC AGA16ACT ACT26AAG TTG38ATT AAA73AGA CAT115CCT GAT120AAT TGG122TTG TTG125TTC TTC126TTG TGT150AAT AAA151GGT GGT152GTT AAA153GCT CCA155CCT TTC159TCT,V2I R16T T26K L38I K73R H115P D120N W122L L125F F126L C150N K151G G152V K153A F159S,16,15
BA286,pool2,CGAAATGATGATGATA,1,GTT2ATC AGA16ACT ACT26AAG TTG38ATT AAA73AGA CAT115CCT GAT120AAT TGG122TTG TTG125TTC TTC126TTG TGT150AAT AAA151GGT GGT152GTT AAA153GCT CCA155CCT TTC159TCT,V2I R16T T26K L38I K73R H115P D120N W122L L125F F126L C150N K151G G152V K153A F159S,16,15
BA286,pool2,CGAATCGTTTCGCCAT,5,GTT2ATC AGA16ACT ACT26AAG TTG38ATT AAA73AGA CAT115CCT GAT120AAT TGG122TTG TTG125TTC TTC126TTG AAA151AAT AAA153GTT CCA155CCT TTC159TCT,V2I R16T T26K L38I K73R H115P D120N W122L L125F F126L K151N K153V F159S,14,13
BA286,pool2,CGAGAAGGTTATGACT,7,GTT2ATC AGA16ACT ACT26AAG TTG38ATT AAA73AGA CAT115CCT GAT120AAT TGG122TTG TTG125TTC TTC126TTG AAA151AAT AAA153GTT CCA155CCT TTC159TCT,V2I R16T T26K L38I K73R H115P D120N W122L L125F F126L K151N K153V F159S,14,13
BA286,pool2,CGCCGCGGAGCCAGGG,2,GTT2ATC AGA16ACT ACT26AAG TTG38ATT AAA73AGA CAT115CCT GAT120AAT TGG122TTG TTG125TTC TTC126TTG AAA151GGT GGT152GTT AAA153GCT CCA155CCT TTC159TCT,V2I R16T T26K L38I K73R H115P D120N W122L L125F F126L K151G G152V K153A F159S,15,14
BA286,pool2,CGCTAAAACCCATAAC,1,GTT2ATC AGA16ACT ACT26AAG TTG38ATT AAA73AGA CAT115CCT GAT120AAT TGG122TTG TTG125TTC TTC126TTG AAA151AAT AAA153GTT GGT154GCT CCA155CCT TTC159TCT,V2I R16T T26K L38I K73R H115P D120N W122L L125F F126L K151N K153V G154A F159S,15,14
BA286,pool2,CGGCAATAGCTGTCCA,2,GTT2ATC AGA16ACT ACT26AAG TTG38ATT AAA73AGA CAT115CCT GAT120AAT TGG122TTG TTG125TTC TTC126TTG AAA151AAT AAA153GTT CCA155CCT TTC159TCT,V2I R16T T26K L38I K73R H115P D120N W122L L125F F126L K151N K153V F159S,14,13
BA286,pool2,CGTACCACATTAATTA,2,GTT2ATC AGA16ACT ACT26AAG TTG38ATT TTC44--- AAA73AGA CAT115CCT GAT120AAT TGG122TTG TTG125TTC TTC126TTG AAA151AAT AAA153GCT CCA155CCT TTC159TCT,V2I R16T T26K L38I F44- K73R H115P D120N W122L L125F F126L K151N K153A F159S,15,14
BA286,pool2,CGTGCACACACACTAC,11,,,0,0
BA286,pool2,CTAAATGCTCTAAAAA,1,GTT2ATC AGA16ACT ACT26AAG TTG38ATT AAA73AGA CAT115CCT GAT120AAT TGG122TTG TTG125TTC TTC126TTG AAA151GGT GGT152GTT AAA153GCT CCA155CCT TTC159TCT,V2I R16T T26K L38I K73R H115P D120N W122L L125F F126L K151G G152V K153A F159S,15,14
BA286,pool2,CTAATATGTACAATCA,1,GTT2ATC AAT13ACT AGA16ACT ACT26AAG TTG38ATT AAA73AGA,V2I N13T R16T T26K L38I K73R,6,6
BA286,pool2,CTCGATATGAAGTATT,1,GTT2ATC AGA16ACT ACT26AAG TTG38ATT AAA73AGA CAT115CCT GAT120AAT TGG122TTG TTG125TTC TTC126TTG AAA151AAT AAA153GTT GGT154GCT CCA155CCT TTC159TCT,V2I R16T T26K L38I K73R H115P D120N W122L L125F F126L K151N K153V G154A F159S,15,14
BA286,pool2,CTCGTCGAGCATATTC,5,GTT2ATC AGA16ACT ACT26AAG TTG38ATT AAA73AGA CAT115CCT GAT120AAT TGG122TTG TTG125TTC TTC126TTG AAA151AAT AAA153GTT GGT154GCT CCA155GGT TTC159TCT,V2I R16T T26K L38I K73R H115P D120N W122L L125F F126L K151N K153V G154A P155G F159S,15,15
BA286,pool2,CTCTATAAGTGCAGAC,1,GTT2ATC AGA16ACT ACT26AAG TTG38ATT AAA73AGA CAT115CCT GAT120AAT TGG122TTG TTG125TTC TTC126TTG AAA151AAT AAA153GTT GGT154GCT CCA155GGT TTC159TCT,V2I R16T T26K L38I K73R H115P D120N W122L L125F F126L K151N K153V G154A P155G F159S,15,15
BA286,pool2,CTGATCACGCTGAGTT,4,GTT2ATC AGA16ACT ACT26AAG TTG38ATT AAA73AGA CAT115CCT GAT120AAT TGG122TTG TTG125TTC TTC126TTG AAA151AAT AAA153GTT GGT154GCT CCA155GGT TTC159TCT,V2I R16T T26K L38I K73R H115P D120N W122L L125F F126L K151N K153V G154A P155G F159S,15,15
BA286,pool2,CTGCAAGATTACATGA,2,GTT2ATC AGA16ACT ACT26AAG TTG38ATT AAA73AGA CAT115CCT GAT120AAT TGG122TTG TTG125TTC TTC126TTG AAA151AAT GGT152GTT AAA153GCT CCA155CCT TTC159TCT,V2I R16T T26K L38I K73R H115P D120N W122L L125F F126L K151N G152V K153A F159S,15,14
BA286,pool2,CTGCCAAATTATATTT,1,GTT2ATC AGA16ACT ACT26AAG TTG38ATT AAA73AGA CAT115CCT GAT120AAT TGG122TTG TTG125TTC TTC126TTG AAA151GGT GGT152GTT AAA153GCT CCA155CCT TTC159TCT,V2I R16T T26K L38I K73R H115P D120N W122L L125F F126L K151G G152V K153A F159S,15,14
BA286,pool2,CTGTCACTACACCACC,1,GTT2ATC AGA16ACT ACT26AAG TTG38ATT AAA73AGA CAT115CCT GAT120AAT TGG122TTG TTG125TTC TTC126TTG AAA151AAT GGT152GTT AAA153GCT CCA155CCT TTC159TCT,V2I R16T T26K L38I K73R H115P D120N W122L L125F F126L K151N G152V K153A F159S,15,14
BA286,pool2,GAAAAAAATTCCTACT,4,GTT2ATC AGA16ACT ACT26AAG TTG38ATT AAA73AGA CAT115CCT GAT120AAT TGG122TTG TTG125TTC TTC126TTG AAA151AAT AAA153GTT GGT154GCT CCA155CCT TTC159TCT,V2I R16T T26K L38I K73R H115P D120N W122L L125F F126L K151N K153V G154A F159S,15,14
BA286,pool2,GAAAAAAGATACGAAG,15,GTT2ATC AGA16ACT ACT26AAG TTG38ATT AAA73AGA CAT115CCT GAT120AAT TGG122TTG TTG125TTC TTC126TTG AAA151GGT GGT152GTT AAA153GCT CCA155CCT TTC159TCT,V2I R16T T26K L38I K73R H115P D120N W122L L125F F126L K151G G152V K153A F159S,15,14
BA286,pool2,GAAAGGCCAATAATCG,4,GTT2ATC AGA16ACT ACT26AAG TTG38ATT AAA73AGA CAT115CCT GAT120AAT TGG122TTG TTG125TTC TTC126TTG AAA151AAT GGT152GTT AAA153GCT CCA155CCT TTC159TCT,V2I R16T T26K L38I K73R H115P D120N W122L L125F F126L K151N G152V K153A F159S,15,14
BA286,pool2,GAACCAGGCAAGAAAT,1,GTT2ATC AGA16ACT ACT26AAG TTG38ATT AAA73AGA CAT115CCT GAT120AAT TGG122TTG TTG125TTC TTC126TTG AAA151AAT AAA153GTT GGT154GCT CCA155GGT AAC156CCT TTC159TCT,V2I R16T T26K L38I K73R H115P D120N W122L L125F F126L K151N K153V G154A P155G N156P F159S,16,16
BA286,pool2,GAACTCGCCACCGTCC,5,GTT2ATC AGA16ACT ACT26AAG TTG38ATT AAA73AGA CAT115CCT GAT120AAT TGG122TTG TTG125TTC TTC126TTG AAA151AAT AAA153GTT GGT154GCT CCA155GGT AAC156CCT TTC159TCT,V2I R16T T26K L38I K73R H115P D120N W122L L125F F126L K151N K153V G154A P155G N156P F159S,16,16
BA286,pool2,GAAGCAAGTAGAATGA,8,GTT2ATC AGA16ACT ACT26AAG TTG38ATT AAA73AGA CAT115CCT GAT120AAT TGG122TTG TTG125TTC TTC126TTG AAA151AAT AAA153GTT GGT154GCT CCA155GGT AAC156CCT TTC159TCT,V2I R16T T26K L38I K73R H115P D120N W122L L125F F126L K151N K153V G154A P155G N156P F159S,16,16
BA286,pool2,GAAGCGGTCACCACTT,11,,,0,0
BA286,pool2,GAAGGTCGGCTCGCTT,2,GTT2ATC AGA16ACT ACT26AAG TTG38ATT AAA73AGA CAT115CCT GAT120AAT TGG122TTG TTG125TTC TTC126TTG AAA151AAT AAA153GTT GGT154GCT CCA155GGT AAC156CCT TTC159TCT,V2I R16T T26K L38I K73R H115P D120N W122L L125F F126L K151N K153V G154A P155G N156P F159S,16,16
BA286,pool2,GAAGTCGTAAAAATAC,2,GTT2ATC AGA16ACT ACT26AAG TTG38ATT AAA73AGA CAT115CCT GAT120AAT TGG122TTG TTG125TTC TTC126TTG AAA151AAT AAA153GCT CCA155CCT TTC159TCT,V2I R16T T26K L38I K73R H115P D120N W122L L125F F126L K151N K153A F159S,14,13
BA286,pool2,GACAAACGCAACCCAA,2,GTT2ATC AGA16ACT ACT26AAG TTG38ATT AAA73AGA CAT115CCT GAT120AAT TGG122TTG TTG125TTC TTC126TTG AAA151CAA AAA153GCT CCA155CCT TTC159TCT,V2I R16T T26K L38I K73R H115P D120N W122L L125F F126L K151Q K153A F159S,14,13
BA286,pool2,GACGAGCGAGCATTAG,2,GTT2ATC AGA16ACT ACT26AAG TTG38ATT CCA43GAA AAA73AGA,V2I R16T T26K L38I P43E K73R,6,6
BA286,pool2,GACTAGACTCGAATAT,3,GTT2ATC AGA16ACT ACT26AAG TTG38ATT AAA73AGA CAT115CCT GAT120AAT TGG122TTG TTG125TTC TTC126TTG AAA151AAT AAA153GCT CCA155CCT TTC159TCT,V2I R16T T26K L38I K73R H115P D120N W122L L125F F126L K151N K153A F159S,14,13
BA286,pool2,GACTCCACGGTCCGAA,5,GTT2ATC AGA16ACT ACT26AAG TTG38ATT AAA73AGA CAT115CCT GAT120AAT TGG122TTG TTG125TTC TTC126TTG AAA151AAT AAA153GTT GGT154GCT CCA155GGT AAC156CCT TTC159TCT,V2I R16T T26K L38I K73R H115P D120N W122L L125F F126L K151N K153V G154A P155G N156P F159S,16,16
BA286,pool2,GAGAATATAATCAAAA,17,GTT2ATC AGA16ACT ACT26AAG TTG38ATT AAA73AGA CAT115CCT GAT120AAT TGG122TTG TTG125TTC TTC126TTG AAA151AAT AAA153GTT CCA155CCT TTC159TCT,V2I R16T T26K L38I K73R H115P D120N W122L L125F F126L K151N K153V F159S,14,13
BA286,pool2,GAGATAGGGGTAACTT,4,GTT2ATC AGA16ACT ACT26AAG TTG38ATT AAA73AGA CAT115CCT GAT120AAT TGG122TTG TTG125TTC TTC126TTG AAA151AAT AAA153GTT CCA155CCT TTC159TCT,V2I R16T T26K L38I K73R H115P D120N W122L L125F F126L K151N K153V F159S,14,13
BA286,pool2,GAGTCGCATACAGATA,3,GTT2ATC AGA16ACT ACT26AAG TTG38ATT AAA73AGA CAT115CCT GAT120AAT TGG122TTG TTG125TTC TTC126TTG AAA151AAT AAA153GCT CCA155CCT TTC159TCT TTC184TTT,V2I R16T T26K L38I K73R H115P D120N W122L L125F F126L K151N K153A F159S,15,13
BA286,pool2,GAGTGTCTGGAAAATG,1,,,0,0
BA286,pool2,GATAAGGCAAATTCAA,2,GTT2ATC AGA16ACT ACT26AAG TTG38ATT AAA73AGA CAT115CCT GAT120AAT TGG122TTG TTG125TTC TTC126TTG GGT152GTT AAA153GCT CCA155CCT TTC159TCT,V2I R16T T26K L38I K73R H115P D120N W122L L125F F126L G152V K153A F159S,14,13
BA286,pool2,GATTTTCCCAATTACA,14,,,0,0
BA286,pool2,GCCATGGATAGGCCGT,1,GTT2ATC AGA16ACT ACT26AAG TTG38ATT AAA73AGA CAT115CCT GAT120AAT TGG122TTG TTG125TTC TTC126TTG TGT150AAT AAA151GGT GGT152GTT AAA153GCT CCA155CCT TTC159TCT,V2I R16T T26K L38I K73R H115P D120N W122L L125F F126L C150N K151G G152V K153A F159S,16,15
BA286,pool2,GCCCACAACTCTATAT,8,GTT2ATC AGA16ACT ACT26AAG TTG38ATT AAA73AGA CAT115CCT GAT120AAT TGG122TTG TTG125TTC TTC126TTG AAA151GGT GGT152GTT AAA153GCT CCA155CCT TTC159TCT,V2I R16T T26K L38I K73R H115P D120N W122L L125F F126L K151G G152V K153A F159S,15,14
BA286,pool2,GCCCGAATGTTATATT,1,GTT2ATC AGA16ACT ACT26AAG TTG38ATT AAA73AGA CAT115CCT GAT120AAT TGG122TTG TTG125TTC TTC126TTG AAA151AAT AAA153GTT GGT154GCT CCA155GGT AAC156CCT TTC159TCT,V2I R16T T26K L38I K73R H115P D120N W122L L125F F126L K151N K153V G154A P155G N156P F159S,16,16
BA286,pool2,GCCGGCACTATGAAAA,2,GTT2ATC AGA16ACT ACT26AAG TTG38ATT AAA73AGA CAT115CCT GAT120AAT TGG122TTG TTG125TTC TTC126TTG AAA151AAT AAA153GCT CCA155CCT TTC159TCT AAG197GAA,V2I R16T T26K L38I K73R H115P D120N W122L L125F F126L K151N K153A F159S K197E,15,14
BA286,pool2,GCGAATAAGAGCACTC,4,GTT2ATC AGA16ACT ACT26AAG TTG38ATT AAA73AGA CAT115CCT GAT120AAT TGG122TTG TTG125TTC TTC126TTG AAA151AAT GGT152GTT AAA153GCT CCA155CCT TTC159TCT,V2I R16T T26K L38I K73R H115P D120N W122L L125F F126L K151N G152V K153A F159S,15,14
BA286,pool2,GCGACAGTATGTAACG,1,GTT2ATC AGA16ACT ACT26AAG TTG38ATT AAA73AGA,V2I R16T T26K L38I K73R,5,5
BA286,pool2,GCGCAACCTCGAGGGT,2,GTT2ATC AGA16ACT ACT26AAG TTG38ATT AAA73AGA TGG106GAA CAT115CCT GAT120AAT TGG122TTG TTG125TTC TTC126TTG AAA151AAT GGT152GTT AAA153GCT CCA155CCT TTC159TCT,V2I R16T T26K L38I K73R W106E H115P D120N W122L L125F F126L K151N G152V K153A F159S,16,15
BA286,pool2,GCGCCCCGCTGAAGCA,5,GTT2ATC AGA16ACT ACT26AAG TTG38ATT AAA73AGA CAT115CCT GAT120AAT TGG122TTG TTG125TTC TTC126TTG AAA151AAT AAA153GTT GGT154GCT CCA155GGT AAC156CCT TTC159TCT,V2I R16T T26K L38I K73R H115P D120N W122L L125F F126L K151N K153V G154A P155G N156P F159S,16,16
BA286,pool2,GCTACTATTTAGACTA,2,GTT2ATC AGA16ACT ACT26AAG TTG38ATT AAA73AGA TGG106TTT CAT115CCT GAT120AAT TGG122TTG TTG125TTC TTC126TTG AAA151AAT AAA153GCT CCA155CCT TTC159TCT GGT195AGT,V2I R16T T26K L38I K73R W106F H115P D120N W122L L125F F126L K151N K153A F159S G195S,16,15
BA286,pool2,GCTCACTTAACTACAA,1,GTT2ATC AGA16ACT ACT26AAG TTG38ATT AAA73AGA CAT115CCT GAT120AAT TGG122TTG TTG125TTC TTC126TTG AAA151AAT AAA153GTT GGT154GCT CCA155CCT TTC159TCT,V2I R16T T26K L38I K73R H115P D120N W122L L125F F126L K151N K153V G154A F159S,15,14
BA286,pool2,GCTCCAAAAGCGATGG,2,GTT2ATC AGA16ACT ACT26AAG TTG38ATT AAA73AGA CAT115CCT GAT120AAT TGG122TTG TTG125TTC TTC126TTG AAA151AAT AAA153GCT CCA155CCT TTC159TCT TGT194CCA,V2I R16T T26K L38I K73R H115P D120N W122L L125F F126L K151N K153A F159S C194P,15,14
BA286,pool2,GCTTTTCTTCAGATAC,2,GTT2ATC AGA16ACT ACT26AAG TTG38ATT TTG57GAT AAA73AGA CAT115CCT GAT120AAT TGG122TTG TTG125TTC TTC126TTG AAA151AAT AAA153GCT CCA155CCT TTC159TCT,V2I R16T T26K L38I L57D K73R H115P D120N W122L L125F F126L K151N K153A F159S,15,14
BA286,pool2,GGAAGTCCGGGGACCA,2,GTT2ATC AGA16ACT ACT26AAG TTG38ATT AAA73AGA CAT115CCT GAT120AAT TGG122TTG TTG125TTC TTC126TTG GGT152GTT AAA153GCT CCA155CCT TTC159TCT,V2I R16T T26K L38I K73R H115P D120N W122L L125F F126L G152V K153A F159S,14,13
BA286,pool2,GGAATACTTGGTTCAA,3,GTT2ATC AGA16ACT ACT26AAG TTG38ATT AAA73AGA CAT115CCT GAT120AAT TGG122TTG TTG125TTC TTC126TTG AAA151AAT AAA153GTT CCA155CCT TTC159TCT,V2I R16T T26K L38I K73R H115P D120N W122L L125F F126L K151N K153V F159S,14,13
BA286,pool2,GGACAAAAAATAGATG,1,GTT2ATC AGA16ACT ACT26AAG TTG38ATT AAA73AGA CAT115CCT GAT120AAT TGG122TTG TTG125TTC TTC126TTG AAA151AAT AAA153GTT GGT154GCT CCA155CCT TTC159TCT,V2I R16T T26K L38I K73R H115P D120N W122L L125F F126L K151N K153V G154A F159S,15,14
BA286,pool2,GGAGATCGAACACCCG,1,GTT2ATC AGA16ACT ACT26AAG TTG38ATT AAA73AGA CAT115CCT GAT120AAT TGG122TTG TTG125TTC TTC126TTG AAA151AAT AAA153GTT GGT154GCT CCA155CCT TTC159TCT,V2I R16T T26K L38I K73R H115P D120N W122L L125F F126L K151N K153V G154A F159S,15,14
BA286,pool2,GGCATCGACTAGCAAT,5,GTT2ATC AGA16ACT ACT26AAG TTG38ATT AAA73AGA CAT115CCT GAT120AAT TGG122TTG TTG125TTC TTC126TTG AAA151AAT AAA153GTT GGT154GCT CCA155GGT TTC159TCT,V2I R16T T26K L38I K73R H115P D120N W122L L125F F126L K151N K153V G154A P155G F159S,15,15
BA286,pool2,GGCCTCATCAATAGTT,5,GTT2ATC AGA16ACT ACT26AAG TTG38ATT AAA73AGA CAT115CCT GAT120AAT TGG122TTG TTG125TTC TTC126TTG AAA151GGT GGT152GTT AAA153GCT CCA155CCT TTC159TCT,V2I R16T T26K L38I K73R H115P D120N W122L L125F F126L K151G G152V K153A F159S,15,14
BA286,pool2,GGCTACTGTGATGTTA,11,GTT2ATC AGA16ACT ACT26AAG TTG38ATT AAA73AGA CAT115CCT GAT120AAT TGG122TTG TTG125TTC TTC126TTG AAA151AAT GGT152GTT AAA153GCT CCA155CCT TTC159TCT,V2I R16T T26K L38I K73R H115P D120N W122L L125F F126L K151N G152V K153A F159S,15,14
BA286,pool2,GGTTCTATATAAATAT,2,GTT2ATC AGA16ACT ACT26AAG TTG38ATT AAA73AGA CAT115CCT GAT120AAT TGG122TTG TTG125TTC TTC126TTG TGT150AAT AAA151GGT GGT152GTT AAA153GCT CCA155CCT TTC159TCT,V2I R16T T26K L38I K73R H115P D120N W122L L125F F126L C150N K151G G152V K153A F159S,16,15
BA286,pool2,GTAAAGCAGGGTGTTA,2,GTT2ATC AGA16ACT TCT19TGG ACT26AAG TTG38ATT AAA73AGA CAT115CCT GAT120AAT TGG122TTG TTG125TTC TTC126TTG AAA151AAT AAA153GCT CCA155CCT TTC159TCT,V2I R16T S19W T26K L38I K73R H115P D120N W122L L125F F126L K151N K153A F159S,15,14
BA286,pool2,GTAGCCTTGGCCTGTA,1,GTT2ATC AGA16ACT ACT26AAG TTG38ATT AAA73AGA CAT115CCT GAT120AAT TGG122TTG TTG125TTC TTC126TTG AAA151GGT GGT152GTT AAA153GCT CCA155CCT TTC159TCT,V2I R16T T26K L38I K73R H115P D120N W122L L125F F126L K151G G152V K153A F159S,15,14
BA286,pool2,GTAGTCATAAGGTGTA,3,GTT2ATC AGA16ACT ACT26AAG AAC30AAA TTG38ATT AAA73AGA CAT115CCT GAT120AAT TGG122TTG TTG125TTC TTC126TTG,V2I R16T T26K N30K L38I K73R H115P D120N W122L L125F F126L,11,11
BA286,pool2,GTCACCCACTACGACA,2,GTT2ATC AGA16ACT ACT26AAG TTG38ATT AAA73AGA CAT115CCT GAT120AAT TGG122TTG TTG125TTC TTC126TTG AAA151GGT GGT152GTT AAA153GCT CCA155CCT TTC159TCT,V2I R16T T26K L38I K73R H115P D120N W122L L125F F126L K151G G152V K153A F159S,15,14
BA286,pool2,GTCCTGGGTTCCGAAA,3,GTT2ATC AGA16ACT ACT26AAG TTG38ATT AAA73AGA CAT115CCT GAT120AAT TGG122TTG TTG125TTC TTC126TTG AAA151AAT GGT152GTT AAA153GCT CCA155CCT TTC159TCT,V2I R16T T26K L38I K73R H115P D120N W122L L125F F126L K151N G152V K153A F159S,15,14
BA286,pool2,GTGCCTCGATGGATAC,6,GTT2ATC AGA16ACT ACT26AAG TTG38ATT AAA73AGA CAT115CCT GAT120AAT TGG122TTG TTG125TTC TTC126TTG,V2I R16T T26K L38I K73R H115P D120N W122L L125F F126L,10,10
BA286,pool2,GTGTACATGAGTATTC,4,GTT2ATC AGA16ACT ACT26AAG TTG38ATT AAA73AGA CAT115CCT GAT120AAT TGG122TTG TTG125TTC TTC126TTG AAA151GGT GGT152GTT AAA153GCT CCA155CCT TTC159TCT,V2I R16T T26K L38I K73R H115P D120N W122L L125F F126L K151G G152V K153A F159S,15,14
BA286,pool2,GTTAACTCTACGCATA,5,GTT2ATC AGA16ACT ACT26AAG TTG38ATT AAA73AGA CAT115CCT GAT120AAT TGG122TTG TTG125TTC TTC126TTG AAA151AAT AAA153GTT GGT154GCT CCA155GGT TTC159TCT,V2I R16T T26K L38I K73R H115P D120N W122L L125F F126L K151N K153V G154A P155G F159S,15,15
BA286,pool2,GTTGTTGGGAATTACT,4,GTT2ATC AGA16ACT ACT26AAG TTG38ATT AAA73AGA CAT115CCT GAT120AAT TGG122TTG TTG125TTC TTC126TTG TGT150AAT AAA151GGT GGT152GTT AAA153GCT CCA155CCT TTC159TCT,V2I R16T T26K L38I K73R H115P D120N W122L L125F F126L C150N K151G G152V K153A F159S,16,15
BA286,pool2,TAAATACAATTAAGAC,2,GTT2ATC AGA16ACT ACT26AAG TTG38ATT AAA73AGA CAA79ACT,V2I R16T T26K L38I K73R Q79T,6,6
BA286,pool2,TAACACAATCTTATTT,1,,,0,0
BA286,pool2,TAACAGCGTTAAGCGC,5,GTT2ATC AGA16ACT ACT26AAG TTG38ATT AAA73AGA CAT115CCT GAT120AAT TGG122TTG TTG125TTC TTC126TTG TGT150AAT AAA151GGT GGT152GTT AAA153GCT CCA155CCT TTC159TCT,V2I R16T T26K L38I K73R H115P D120N W122L L125F F126L C150N K151G G152V K153A F159S,16,15
BA286,pool2,TAACATTATATCCTGG,1,GTT2ATC AGA16ACT ACT26AAG TTG38ATT AAA73AGA CAT115CCT GAT120AAT TGG122TTG TTG125TTC TTC126TTG AAA151AAT AAA153GCT CCA155CCT TTC159TCT,V2I R16T T26K L38I K73R H115P D120N W122L L125F F126L K151N K153A F159S,14,13
BA286,pool2,TAACCTAAAAATTGAG,5,,,0,0
BA286,pool2,TAATAGATCTTCTGGC,3,GTT2ATC AGA16ACT ACT26AAG TTG38ATT AAA73AGA CAT115CCT GAT120AAT TGG122TTG TTG125TTC TTC126TTG AAA151AAT AAA153GTT GGT154GCT CCA155GGT AAC156CCT TTC159TCT,V2I R16T T26K L38I K73R H115P D120N W122L L125F F126L K151N K153V G154A P155G N156P F159S,16,16
BA286,pool2,TACATGTCACACTAGT,1,GTT2ATC AGA16ACT ACT26AAG TTG38ATT AAA73AGA CAT115CCT GAT120AAT TGG122TTG TTG125TTC TTC126TTG AAA151AAT AAA153GTT GGT154GCT CCA155CCT TTC159TCT,V2I R16T T26K L38I K73R H115P D120N W122L L125F F126L K151N K153V G154A F159S,15,14
BA286,pool2,TACCATACAATCTTAC,8,GTT2ATC AGA16ACT ACT26AAG TTG38ATT AAA73AGA CAT115CCT GAT120AAT TGG122TTG TTG125TTC TTC126TTG AAA151GGT GGT152GTT AAA153GCT CCA155CCT TTC159TCT,V2I R16T T26K L38I K73R H115P D120N W122L L125F F126L K151G G152V K153A F159S,15,14
BA286,pool2,TACTCCTACGGACGCG,5,GTT2ATC AGA16ACT ACT26AAG TTG38ATT AAA73AGA CAT115CCT GAT120AAT TGG122TTG TTG125TTC TTC126TTG AAA151AAT AAA153GTT CCA155CCT TTC159TCT,V2I R16T T26K L38I K73R H115P D120N W122L L125F F126L K151N K153V F159S,14,13
BA286,pool2,TAGAATACGATAGATT,1,GTT2ATC AGA16ACT ACT26AAG TTG38ATT AAA73AGA CAT115CCT GAT120AAT TGG122TTG TTG125TTC TTC126TTG TGT150AAT AAA151GGT GGT152GTT AAA153GCT CCA155CCT TTC159TCT,V2I R16T T26K L38I K73R H115P D120N W122L L125F F126L C150N K151G G152V K153A F159S,16,15
BA286,pool2,TAGGAGATTCCCATCT,4,GTT2ATC AGA16ACT ACT26AAG TTG38ATT AAA73AGA CAT115CCT GAT120AAT TGG122TTG TTG125TTC TTC126TTG AAA151AAT AAA153GTT GGT154GCT CCA155CCT TTC159TCT,V2I R16T T26K L38I K73R H115P D120N W122L L125F F126L K151N K153V G154A F159S,15,14
BA286,pool2,TATAAAAACAGTATAT,2,GTT2ATC AGA16ACT ACT26AAG TTG38ATT AAA73AGA CAT115CCT GAT120AAT TGG122TTG TTG125TTC TTC126TTG AAA151AAT AAA153GTT CCA155CCT TTC159TCT,V2I R16T T26K L38I K73R H115P D120N W122L L125F F126L K151N K153V F159S,14,13
BA286,pool2,TATATTACTTTTAGAC,1,GTT2ATC AGA16ACT ACT26AAG TTG38ATT AAA73AGA CAT115CCT GAT120AAT TGG122TTG TTG125TTC TTC126TTG AAA151AAT AAA153GTT GGT154GCT CCA155GGT AAC156CCT TTC159TCT,V2I R16T T26K L38I K73R H115P D120N W122L L125F F126L K151N K153V G154A P155G N156P F159S,16,16
BA286,pool2,TATCAAGGCTAGTTAT,2,GTT2ATC AGA16ACT ACT26AAG TTG38ATT AAA73AGA GAT98TGG CAT115CCT GAT120AAT TGG122TTG TTG125TTC TTC126TTG AAA151AAT AAA153GCT CCA155CCT TTC159TCT,V2I R16T T26K L38I K73R D98W H115P D120N W122L L125F F126L K151N K153A F159S,15,14
BA286,pool2,TATCAAGGTAAGGAAG,2,,,0,0
BA286,pool2,TCCACCAAACGTCACT,4,,,0,0
BA286,pool2,TCCCTAGTCATAGGGG,2,GTT2ATC AGA16ACT ACT26AAG TTG38ATT AAA73AGA CAT115CCT GAT120AAT TGG122TTG TTG125TTC TTC126TTG GGT152GTT AAA153GCT CCA155CCT TTC159TCT,V2I R16T T26K L38I K73R H115P D120N W122L L125F F126L G152V K153A F159S,14,13
BA286,pool2,TCTAAGTTAAAGACAA,1,GTT2ATC AGA16ACT ACT26AAG TTG38ATT AAA73AGA CAT115CCT GAT120AAT TGG122TTG TTG125TTC TTC126TTG AAA151AAT AAA153--- GGT154--- CCA155--- AAC156--- TGT157GTT TAC158CAC TTC159TCT,V2I R16T T26K L38I K73R H115P D120N W122L L125F F126L K151N K153- G154- P155- N156- C157V Y158H F159S,18,18
BA286,pool2,TCTCGAAATTATCACC,1,GTT2ATC AGA16ACT ACT26AAG TTG38ATT AAA73AGA CAT115CCT GAT120AAT TGG122TTG TTG125TTC TTC126TTG AAA151AAT AAA153GTT GGT154GCT CCA155CCT TTC159TCT,V2I R16T T26K L38I K73R H115P D120N W122L L125F F126L K151N K153V G154A F159S,15,14
BA286,pool2,TCTCTAAAGATTATAT,3,GTT2ATC AGA16ACT ACT26AAG TTG38ATT AAA73AGA CAT115CCT GAT120AAT TGG122TTG TTG125TTC TTC126TTG AAA151AAT AAA153GCT CCA155CCT TTC159TCT,V2I R16T T26K L38I K73R H115P D120N W122L L125F F126L K151N K153A F159S,14,13
BA286,pool2,TCTTAGTAAGCTGTCA,1,TTC166GGT,F166G,1,1
BA286,pool2,TGAGCCCTTATCCTAG,1,GTT2ATC AGA16ACT ACT26AAG TTG38ATT AAA73AGA CAT115CCT GAT120AAT TGG122TTG TTG125TTC TTC126TTG AAA151GGT GGT152GTT AAA153GCT CCA155CCT TTC159TCT,V2I R16T T26K L38I K73R H115P D120N W122L L125F F126L K151G G152V K153A F159S,15,14
BA286,pool2,TGATGGTTTGAGTACA,9,,,0,0
BA286,pool2,TGCAGATAAGCCCCCA,2,GTT2ATC AGA16ACT ACT26AAG TTG38ATT AAA73AGA CAT115CCT GAT120AAT TGG122TTG TTG125TTC TTC126TTG AAA151AAT AAA153GTT GGT154GCT CCA155GGT TTC159TCT,V2I R16T T26K L38I K73R H115P D120N W122L L125F F126L K151N K153V G154A P155G F159S,15,15
BA286,pool2,TGGCAATGACTTATAA,1,GTT2ATC AGA16ACT ACT26AAG TTG38ATT AAA73AGA CAT115CCT GAT120AAT TGG122TTG TTG125TTC TTC126TTG AAA151GGT GGT152GTT AAA153GCT CCA155CCT TTC159TCT,V2I R16T T26K L38I K73R H115P D120N W122L L125F F126L K151G G152V K153A F159S,15,14
BA286,pool2,TGGGAAAGATTCAATT,1,GTT2ATC AGA16ACT ACT26AAG TTG38ATT AAA73AGA CAT115CCT GAT120AAT TGG122TTG TTG125TTC TTC126TTG TGT150AAT AAA151GGT GGT152GTT AAA153GCT CCA155CCT TTC159TCT,V2I R16T T26K L38I K73R H115P D120N W122L L125F F126L C150N K151G G152V K153A F159S,16,15
BA286,pool2,TGTAATGAAAACATTT,1,GTT2ATC AGA16ACT ACT26AAG TTG38ATT AAA73AGA CAT115CCT GAT120AAT TGG122TTG TTG125TTC TTC126TTG AAA151AAT AAA153GTT GGT154GCT CCA155GGT AAC156CCT TTC159TCT,V2I R16T T26K L38I K73R H115P D120N W122L L125F F126L K151N K153V G154A P155G N156P F159S,16,16
BA286,pool2,TTAGTACAACCGTGCA,2,GTT2ATC AGA16ACT ACT26AAG TTG38ATT AAA73AGA CAT115CCT GAT120AAT TGG122TTG TTG125TTC TTC126TTG AAG128CAT AAA151AAT AAA153GCT CCA155CCT TTC159TCT,V2I R16T T26K L38I K73R H115P D120N W122L L125F F126L K128H K151N K153A F159S,15,14
BA286,pool2,TTCAGCGGATTATACA,3,GTT2ATC AGA16ACT GCT18GCG ACT26AAG TTG38ATT TAT50AGA,V2I R16T T26K L38I Y50R,6,5
BA286,pool2,TTCCACAACTAGACCA,8,GTT2ATC AGA16ACT ACT26AAG TTG38ATT AAA73AGA CAT115CCT GAT120AAT TGG122TTG TTG125TTC TTC126TTG AAA151GGT GGT152GTT AAA153GCT CCA155CCT TTC159TCT,V2I R16T T26K L38I K73R H115P D120N W122L L125F F126L K151G G152V K153A F159S,15,14
BA286,pool2,TTGAATCTACTGTACC,2,GTT2ATC AGA16ACT ACT26AAG TTG38ATT AAA73AGA CAT115CCT GAT120AAT TGG122TTG TTG125TTC TTC126TTG AAA151AAT AAA153GTT CCA155CCT TTC159TCT,V2I R16T T26K L38I K73R H115P D120N W122L L125F F126L K151N K153V F159S,14,13
BA286,pool2,TTGGCAACCTATATTT,4,GTT2ATC AGA16ACT ACT26AAG TTG38ATT AAA73AGA CAT115CCT GAT120AAT TGG122TTG TTG125TTC TTC126TTG AAA151AAT AAA153GTT GGT154GCT CCA155CCT TTC159TCT,V2I R16T T26K L38I K73R H115P D120N W122L L125F F126L K151N K153V G154A F159S,15,14
BA286,pool2,TTGGTAAAAGTAAAAC,1,GTT2ATC AGA16ACT ACT26AAG TTG38ATT AAA73AGA CAT115CCT GAT120AAT TGG122TTG TTG125TTC TTC126TTG AAA151AAT AAA153GCT CCA155CCT TTC159TCT,V2I R16T T26K L38I K73R H115P D120N W122L L125F F126L K151N K153A F159S,14,13
BA286,pool2,TTTAGAATCTGAATGA,5,GTT2ATC AGA16ACT ACT26AAG TTG38ATT AAA73AGA CAT115CCT GAT120AAT TGG122TTG TTG125TTC TTC126TTG AAA151AAT AAA153GTT GGT154GCT CCA155GGT AAC156CCT TTC159TCT,V2I R16T T26K L38I K73R H115P D120N W122L L125F F126L K151N K153V G154A P155G N156P F159S,16,16
BA286,pool2,TTTAGTTTCTGCGACC,4,GTT2ATC AGA16ACT ACT26AAG TTG38ATT AAA73AGA CAT115CCT GAT120AAT TGG122TTG TTG125TTC TTC126TTG TGT150AAT AAA151GGT GGT152GTT AAA153GCT CCA155CCT TTC159TCT,V2I R16T T26K L38I K73R H115P D120N W122L L125F F126L C150N K151G G152V K153A F159S,16,15
BA286,pool2,TTTCTATTATATCCAT,9,GTT2ATC AGA16ACT ACT26AAG TTG38ATT AAA73AGA CAT115CCT GAT120AAT TGG122TTG TTG125TTC TTC126TTG AAA151AAT AAA153GTT GGT154GCT CCA155GGT TTC159TCT,V2I R16T T26K L38I K73R H115P D120N W122L L125F F126L K151N K153V G154A P155G F159S,15,15
BA286,pool2,TTTGATGCGCCTTGAA,1,GTT2ATC AGA16ACT ACT26AAG TTG38ATT AAA73AGA CAT115CCT,V2I R16T T26K L38I K73R H115P,6,6
BA286,pool2,TTTGTATATCTCAAAA,5,GTT2ATC AGA16ACT ACT26AAG TTG38ATT,V2I R16T T26K L38I,4,4
