library,sample,sample_type,sort_bin,concentration,date,number_cells,R1
pool1,TiteSeq_01_bin1,TiteSeq,1,1,240125,384974,/uufs/chpc.utah.edu/common/home/u6042467/starr-group1/sequencing/TNS/2024/240313_Illumina_OmiBA286-EG5-FLip_animal-polish_sarbeco-combo-polish/240125-exp1-s1-b1_R1_001.fastq.gz; /uufs/chpc.utah.edu/common/home/u6042467/starr-group1/sequencing/TNS/2024/240410_Illumina-v2_OmiBA286-EG5-FLip/rename/240125-exp1-s1-b1_R1_001_2.fastq.gz
pool1,TiteSeq_01_bin2,TiteSeq,2,1,240125,860724,/uufs/chpc.utah.edu/common/home/u6042467/starr-group1/sequencing/TNS/2024/240313_Illumina_OmiBA286-EG5-FLip_animal-polish_sarbeco-combo-polish/240125-exp1-s1-b2_R1_001.fastq.gz; /uufs/chpc.utah.edu/common/home/u6042467/starr-group1/sequencing/TNS/2024/240410_Illumina-v2_OmiBA286-EG5-FLip/rename/240125-exp1-s1-b2_R1_001_2.fastq.gz
pool1,TiteSeq_01_bin3,TiteSeq,3,1,240125,2596538,/uufs/chpc.utah.edu/common/home/u6042467/starr-group1/sequencing/TNS/2024/240313_Illumina_OmiBA286-EG5-FLip_animal-polish_sarbeco-combo-polish/240125-exp1-s1-b3_R1_001.fastq.gz; /uufs/chpc.utah.edu/common/home/u6042467/starr-group1/sequencing/TNS/2024/240410_Illumina-v2_OmiBA286-EG5-FLip/rename/240125-exp1-s1-b3_R1_001_2.fastq.gz
pool1,TiteSeq_01_bin4,TiteSeq,4,1,240125,6350060,/uufs/chpc.utah.edu/common/home/u6042467/starr-group1/sequencing/TNS/2024/240313_Illumina_OmiBA286-EG5-FLip_animal-polish_sarbeco-combo-polish/240125-exp1-s1-b4_R1_001.fastq.gz; /uufs/chpc.utah.edu/common/home/u6042467/starr-group1/sequencing/TNS/2024/240410_Illumina-v2_OmiBA286-EG5-FLip/rename/240125-exp1-s1-b4_R1_001_2.fastq.gz
pool1,TiteSeq_02_bin1,TiteSeq,1,2,240125,630205,/uufs/chpc.utah.edu/common/home/u6042467/starr-group1/sequencing/TNS/2024/240313_Illumina_OmiBA286-EG5-FLip_animal-polish_sarbeco-combo-polish/240125-exp1-s2-b1_R1_001.fastq.gz; /uufs/chpc.utah.edu/common/home/u6042467/starr-group1/sequencing/TNS/2024/240410_Illumina-v2_OmiBA286-EG5-FLip/rename/240125-exp1-s2-b1_R1_001_2.fastq.gz
pool1,TiteSeq_02_bin2,TiteSeq,2,2,240125,837133,/uufs/chpc.utah.edu/common/home/u6042467/starr-group1/sequencing/TNS/2024/240313_Illumina_OmiBA286-EG5-FLip_animal-polish_sarbeco-combo-polish/240125-exp1-s2-b2_R1_001.fastq.gz; /uufs/chpc.utah.edu/common/home/u6042467/starr-group1/sequencing/TNS/2024/240410_Illumina-v2_OmiBA286-EG5-FLip/rename/240125-exp1-s2-b2_R1_001_2.fastq.gz
pool1,TiteSeq_02_bin3,TiteSeq,3,2,240125,2854102,/uufs/chpc.utah.edu/common/home/u6042467/starr-group1/sequencing/TNS/2024/240313_Illumina_OmiBA286-EG5-FLip_animal-polish_sarbeco-combo-polish/240125-exp1-s2-b3_R1_001.fastq.gz; /uufs/chpc.utah.edu/common/home/u6042467/starr-group1/sequencing/TNS/2024/240410_Illumina-v2_OmiBA286-EG5-FLip/rename/240125-exp1-s2-b3_R1_001_2.fastq.gz
pool1,TiteSeq_02_bin4,TiteSeq,4,2,240125,5742632,/uufs/chpc.utah.edu/common/home/u6042467/starr-group1/sequencing/TNS/2024/240313_Illumina_OmiBA286-EG5-FLip_animal-polish_sarbeco-combo-polish/240125-exp1-s2-b4_R1_001.fastq.gz; /uufs/chpc.utah.edu/common/home/u6042467/starr-group1/sequencing/TNS/2024/240410_Illumina-v2_OmiBA286-EG5-FLip/rename/240125-exp1-s2-b4_R1_001_2.fastq.gz
pool1,TiteSeq_03_bin1,TiteSeq,1,3,240125,982344,/uufs/chpc.utah.edu/common/home/u6042467/starr-group1/sequencing/TNS/2024/240313_Illumina_OmiBA286-EG5-FLip_animal-polish_sarbeco-combo-polish/240125-exp1-s3-b1_R1_001.fastq.gz; /uufs/chpc.utah.edu/common/home/u6042467/starr-group1/sequencing/TNS/2024/240410_Illumina-v2_OmiBA286-EG5-FLip/rename/240125-exp1-s3-b1_R1_001_2.fastq.gz
pool1,TiteSeq_03_bin2,TiteSeq,2,3,240125,960420,/uufs/chpc.utah.edu/common/home/u6042467/starr-group1/sequencing/TNS/2024/240313_Illumina_OmiBA286-EG5-FLip_animal-polish_sarbeco-combo-polish/240125-exp1-s3-b2_R1_001.fastq.gz; /uufs/chpc.utah.edu/common/home/u6042467/starr-group1/sequencing/TNS/2024/240410_Illumina-v2_OmiBA286-EG5-FLip/rename/240125-exp1-s3-b2_R1_001_2.fastq.gz
pool1,TiteSeq_03_bin3,TiteSeq,3,3,240125,3274652,/uufs/chpc.utah.edu/common/home/u6042467/starr-group1/sequencing/TNS/2024/240313_Illumina_OmiBA286-EG5-FLip_animal-polish_sarbeco-combo-polish/240125-exp1-s3-b3_R1_001.fastq.gz; /uufs/chpc.utah.edu/common/home/u6042467/starr-group1/sequencing/TNS/2024/240410_Illumina-v2_OmiBA286-EG5-FLip/rename/240125-exp1-s3-b3_R1_001_2.fastq.gz
pool1,TiteSeq_03_bin4,TiteSeq,4,3,240125,4475613,/uufs/chpc.utah.edu/common/home/u6042467/starr-group1/sequencing/TNS/2024/240313_Illumina_OmiBA286-EG5-FLip_animal-polish_sarbeco-combo-polish/240125-exp1-s3-b4_R1_001.fastq.gz; /uufs/chpc.utah.edu/common/home/u6042467/starr-group1/sequencing/TNS/2024/240410_Illumina-v2_OmiBA286-EG5-FLip/rename/240125-exp1-s3-b4_R1_001_2.fastq.gz
pool1,TiteSeq_04_bin1,TiteSeq,1,4,240125,1173631,/uufs/chpc.utah.edu/common/home/u6042467/starr-group1/sequencing/TNS/2024/240313_Illumina_OmiBA286-EG5-FLip_animal-polish_sarbeco-combo-polish/240125-exp1-s4-b1_R1_001.fastq.gz; /uufs/chpc.utah.edu/common/home/u6042467/starr-group1/sequencing/TNS/2024/240410_Illumina-v2_OmiBA286-EG5-FLip/rename/240125-exp1-s4-b1_R1_001_2.fastq.gz
pool1,TiteSeq_04_bin2,TiteSeq,2,4,240125,1414259,/uufs/chpc.utah.edu/common/home/u6042467/starr-group1/sequencing/TNS/2024/240313_Illumina_OmiBA286-EG5-FLip_animal-polish_sarbeco-combo-polish/240125-exp1-s4-b2_R1_001.fastq.gz; /uufs/chpc.utah.edu/common/home/u6042467/starr-group1/sequencing/TNS/2024/240410_Illumina-v2_OmiBA286-EG5-FLip/rename/240125-exp1-s4-b2_R1_001_2.fastq.gz
pool1,TiteSeq_04_bin3,TiteSeq,3,4,240125,4475535,/uufs/chpc.utah.edu/common/home/u6042467/starr-group1/sequencing/TNS/2024/240313_Illumina_OmiBA286-EG5-FLip_animal-polish_sarbeco-combo-polish/240125-exp1-s4-b3_R1_001.fastq.gz; /uufs/chpc.utah.edu/common/home/u6042467/starr-group1/sequencing/TNS/2024/240410_Illumina-v2_OmiBA286-EG5-FLip/rename/240125-exp1-s4-b3_R1_001_2.fastq.gz
pool1,TiteSeq_04_bin4,TiteSeq,4,4,240125,2540383,/uufs/chpc.utah.edu/common/home/u6042467/starr-group1/sequencing/TNS/2024/240313_Illumina_OmiBA286-EG5-FLip_animal-polish_sarbeco-combo-polish/240125-exp1-s4-b4_R1_001.fastq.gz; /uufs/chpc.utah.edu/common/home/u6042467/starr-group1/sequencing/TNS/2024/240410_Illumina-v2_OmiBA286-EG5-FLip/rename/240125-exp1-s4-b4_R1_001_2.fastq.gz
pool1,TiteSeq_05_bin1,TiteSeq,1,5,240125,2329147,/uufs/chpc.utah.edu/common/home/u6042467/starr-group1/sequencing/TNS/2024/240313_Illumina_OmiBA286-EG5-FLip_animal-polish_sarbeco-combo-polish/240125-exp1-s5-b1_R1_001.fastq.gz; /uufs/chpc.utah.edu/common/home/u6042467/starr-group1/sequencing/TNS/2024/240410_Illumina-v2_OmiBA286-EG5-FLip/rename/240125-exp1-s5-b1_R1_001_2.fastq.gz
pool1,TiteSeq_05_bin2,TiteSeq,2,5,240125,3486729,/uufs/chpc.utah.edu/common/home/u6042467/starr-group1/sequencing/TNS/2024/240313_Illumina_OmiBA286-EG5-FLip_animal-polish_sarbeco-combo-polish/240125-exp1-s5-b2_R1_001.fastq.gz; /uufs/chpc.utah.edu/common/home/u6042467/starr-group1/sequencing/TNS/2024/240410_Illumina-v2_OmiBA286-EG5-FLip/rename/240125-exp1-s5-b2_R1_001_2.fastq.gz
pool1,TiteSeq_05_bin3,TiteSeq,3,5,240125,4271970,/uufs/chpc.utah.edu/common/home/u6042467/starr-group1/sequencing/TNS/2024/240313_Illumina_OmiBA286-EG5-FLip_animal-polish_sarbeco-combo-polish/240125-exp1-s5-b3_R1_001.fastq.gz; /uufs/chpc.utah.edu/common/home/u6042467/starr-group1/sequencing/TNS/2024/240410_Illumina-v2_OmiBA286-EG5-FLip/rename/240125-exp1-s5-b3_R1_001_2.fastq.gz
pool1,TiteSeq_05_bin4,TiteSeq,4,5,240125,629341,/uufs/chpc.utah.edu/common/home/u6042467/starr-group1/sequencing/TNS/2024/240313_Illumina_OmiBA286-EG5-FLip_animal-polish_sarbeco-combo-polish/240125-exp1-s5-b4_R1_001.fastq.gz; /uufs/chpc.utah.edu/common/home/u6042467/starr-group1/sequencing/TNS/2024/240410_Illumina-v2_OmiBA286-EG5-FLip/rename/240125-exp1-s5-b4_R1_001_2.fastq.gz
pool1,TiteSeq_06_bin1,TiteSeq,1,6,240125,5231946,/uufs/chpc.utah.edu/common/home/u6042467/starr-group1/sequencing/TNS/2024/240313_Illumina_OmiBA286-EG5-FLip_animal-polish_sarbeco-combo-polish/240125-exp1-s6-b1_R1_001.fastq.gz; /uufs/chpc.utah.edu/common/home/u6042467/starr-group1/sequencing/TNS/2024/240410_Illumina-v2_OmiBA286-EG5-FLip/rename/240125-exp1-s6-b1_R1_001_2.fastq.gz
pool1,TiteSeq_06_bin2,TiteSeq,2,6,240125,3850987,/uufs/chpc.utah.edu/common/home/u6042467/starr-group1/sequencing/TNS/2024/240313_Illumina_OmiBA286-EG5-FLip_animal-polish_sarbeco-combo-polish/240125-exp1-s6-b2_R1_001.fastq.gz; /uufs/chpc.utah.edu/common/home/u6042467/starr-group1/sequencing/TNS/2024/240410_Illumina-v2_OmiBA286-EG5-FLip/rename/240125-exp1-s6-b2_R1_001_2.fastq.gz
pool1,TiteSeq_06_bin3,TiteSeq,3,6,240125,1008171,/uufs/chpc.utah.edu/common/home/u6042467/starr-group1/sequencing/TNS/2024/240313_Illumina_OmiBA286-EG5-FLip_animal-polish_sarbeco-combo-polish/240125-exp1-s6-b3_R1_001.fastq.gz; /uufs/chpc.utah.edu/common/home/u6042467/starr-group1/sequencing/TNS/2024/240410_Illumina-v2_OmiBA286-EG5-FLip/rename/240125-exp1-s6-b3_R1_001_2.fastq.gz
pool1,TiteSeq_06_bin4,TiteSeq,4,6,240125,7913,/uufs/chpc.utah.edu/common/home/u6042467/starr-group1/sequencing/TNS/2024/240313_Illumina_OmiBA286-EG5-FLip_animal-polish_sarbeco-combo-polish/240125-exp1-s6-b4_R1_001.fastq.gz; /uufs/chpc.utah.edu/common/home/u6042467/starr-group1/sequencing/TNS/2024/240410_Illumina-v2_OmiBA286-EG5-FLip/rename/240125-exp1-s6-b4_R1_001_2.fastq.gz
pool1,TiteSeq_07_bin1,TiteSeq,1,7,240125,7613259,/uufs/chpc.utah.edu/common/home/u6042467/starr-group1/sequencing/TNS/2024/240313_Illumina_OmiBA286-EG5-FLip_animal-polish_sarbeco-combo-polish/240125-exp1-s7-b1_R1_001.fastq.gz; /uufs/chpc.utah.edu/common/home/u6042467/starr-group1/sequencing/TNS/2024/240410_Illumina-v2_OmiBA286-EG5-FLip/rename/240125-exp1-s7-b1_R1_001_2.fastq.gz
pool1,TiteSeq_07_bin2,TiteSeq,2,7,240125,2394536,/uufs/chpc.utah.edu/common/home/u6042467/starr-group1/sequencing/TNS/2024/240313_Illumina_OmiBA286-EG5-FLip_animal-polish_sarbeco-combo-polish/240125-exp1-s7-b2_R1_001.fastq.gz; /uufs/chpc.utah.edu/common/home/u6042467/starr-group1/sequencing/TNS/2024/240410_Illumina-v2_OmiBA286-EG5-FLip/rename/240125-exp1-s7-b2_R1_001_2.fastq.gz
pool1,TiteSeq_07_bin3,TiteSeq,3,7,240125,187898,/uufs/chpc.utah.edu/common/home/u6042467/starr-group1/sequencing/TNS/2024/240313_Illumina_OmiBA286-EG5-FLip_animal-polish_sarbeco-combo-polish/240125-exp1-s7-b3_R1_001.fastq.gz; /uufs/chpc.utah.edu/common/home/u6042467/starr-group1/sequencing/TNS/2024/240410_Illumina-v2_OmiBA286-EG5-FLip/rename/240125-exp1-s7-b3_R1_001_2.fastq.gz
pool1,TiteSeq_07_bin4,TiteSeq,4,7,240125,6682,/uufs/chpc.utah.edu/common/home/u6042467/starr-group1/sequencing/TNS/2024/240313_Illumina_OmiBA286-EG5-FLip_animal-polish_sarbeco-combo-polish/240125-exp1-s7-b4_R1_001.fastq.gz; /uufs/chpc.utah.edu/common/home/u6042467/starr-group1/sequencing/TNS/2024/240410_Illumina-v2_OmiBA286-EG5-FLip/rename/240125-exp1-s7-b4_R1_001_2.fastq.gz
pool1,TiteSeq_08_bin1,TiteSeq,1,8,240125,7710354,/uufs/chpc.utah.edu/common/home/u6042467/starr-group1/sequencing/TNS/2024/240313_Illumina_OmiBA286-EG5-FLip_animal-polish_sarbeco-combo-polish/240125-exp1-s8-b1_R1_001.fastq.gz; /uufs/chpc.utah.edu/common/home/u6042467/starr-group1/sequencing/TNS/2024/240410_Illumina-v2_OmiBA286-EG5-FLip/rename/240125-exp1-s8-b1_R1_001_2.fastq.gz
pool1,TiteSeq_08_bin2,TiteSeq,2,8,240125,1991881,/uufs/chpc.utah.edu/common/home/u6042467/starr-group1/sequencing/TNS/2024/240313_Illumina_OmiBA286-EG5-FLip_animal-polish_sarbeco-combo-polish/240125-exp1-s8-b2_R1_001.fastq.gz; /uufs/chpc.utah.edu/common/home/u6042467/starr-group1/sequencing/TNS/2024/240410_Illumina-v2_OmiBA286-EG5-FLip/rename/240125-exp1-s8-b2_R1_001_2.fastq.gz
pool1,TiteSeq_08_bin3,TiteSeq,3,8,240125,101047,/uufs/chpc.utah.edu/common/home/u6042467/starr-group1/sequencing/TNS/2024/240313_Illumina_OmiBA286-EG5-FLip_animal-polish_sarbeco-combo-polish/240125-exp1-s8-b3_R1_001.fastq.gz; /uufs/chpc.utah.edu/common/home/u6042467/starr-group1/sequencing/TNS/2024/240410_Illumina-v2_OmiBA286-EG5-FLip/rename/240125-exp1-s8-b3_R1_001_2.fastq.gz
pool1,TiteSeq_08_bin4,TiteSeq,4,8,240125,7211,/uufs/chpc.utah.edu/common/home/u6042467/starr-group1/sequencing/TNS/2024/240313_Illumina_OmiBA286-EG5-FLip_animal-polish_sarbeco-combo-polish/240125-exp1-s8-b4_R1_001.fastq.gz; /uufs/chpc.utah.edu/common/home/u6042467/starr-group1/sequencing/TNS/2024/240410_Illumina-v2_OmiBA286-EG5-FLip/rename/240125-exp1-s8-b4_R1_001_2.fastq.gz
pool1,TiteSeq_09_bin1,TiteSeq,1,9,240125,8171174,/uufs/chpc.utah.edu/common/home/u6042467/starr-group1/sequencing/TNS/2024/240313_Illumina_OmiBA286-EG5-FLip_animal-polish_sarbeco-combo-polish/240125-exp1-s9-b1_R1_001.fastq.gz; /uufs/chpc.utah.edu/common/home/u6042467/starr-group1/sequencing/TNS/2024/240410_Illumina-v2_OmiBA286-EG5-FLip/rename/240125-exp1-s9-b1_R1_001_2.fastq.gz
pool1,TiteSeq_09_bin2,TiteSeq,2,9,240125,1853609,/uufs/chpc.utah.edu/common/home/u6042467/starr-group1/sequencing/TNS/2024/240313_Illumina_OmiBA286-EG5-FLip_animal-polish_sarbeco-combo-polish/240125-exp1-s9-b2_R1_001.fastq.gz; /uufs/chpc.utah.edu/common/home/u6042467/starr-group1/sequencing/TNS/2024/240410_Illumina-v2_OmiBA286-EG5-FLip/rename/240125-exp1-s9-b2_R1_001_2.fastq.gz
pool1,TiteSeq_09_bin3,TiteSeq,3,9,240125,71179,/uufs/chpc.utah.edu/common/home/u6042467/starr-group1/sequencing/TNS/2024/240313_Illumina_OmiBA286-EG5-FLip_animal-polish_sarbeco-combo-polish/240125-exp1-s9-b3_R1_001.fastq.gz; /uufs/chpc.utah.edu/common/home/u6042467/starr-group1/sequencing/TNS/2024/240410_Illumina-v2_OmiBA286-EG5-FLip/rename/240125-exp1-s9-b3_R1_001_2.fastq.gz
pool1,TiteSeq_09_bin4,TiteSeq,4,9,240125,5544,/uufs/chpc.utah.edu/common/home/u6042467/starr-group1/sequencing/TNS/2024/240313_Illumina_OmiBA286-EG5-FLip_animal-polish_sarbeco-combo-polish/240125-exp1-s9-b4_R1_001.fastq.gz; /uufs/chpc.utah.edu/common/home/u6042467/starr-group1/sequencing/TNS/2024/240410_Illumina-v2_OmiBA286-EG5-FLip/rename/240125-exp1-s9-b4_R1_001_2.fastq.gz
pool2,TiteSeq_01_bin1,TiteSeq,1,1,240215,1707353,/uufs/chpc.utah.edu/common/home/u6042467/starr-group1/sequencing/TNS/2024/240313_Illumina_OmiBA286-EG5-FLip_animal-polish_sarbeco-combo-polish/240215-exp3-s1-b1_R1_001.fastq.gz; /uufs/chpc.utah.edu/common/home/u6042467/starr-group1/sequencing/TNS/2024/240410_Illumina-v2_OmiBA286-EG5-FLip/rename/240215-exp3-s1-b1_R1_001_2.fastq.gz
pool2,TiteSeq_01_bin2,TiteSeq,2,1,240215,824849,/uufs/chpc.utah.edu/common/home/u6042467/starr-group1/sequencing/TNS/2024/240313_Illumina_OmiBA286-EG5-FLip_animal-polish_sarbeco-combo-polish/240215-exp3-s1-b2_R1_001.fastq.gz; /uufs/chpc.utah.edu/common/home/u6042467/starr-group1/sequencing/TNS/2024/240410_Illumina-v2_OmiBA286-EG5-FLip/rename/240215-exp3-s1-b2_R1_001_2.fastq.gz
pool2,TiteSeq_01_bin3,TiteSeq,3,1,240215,1655178,/uufs/chpc.utah.edu/common/home/u6042467/starr-group1/sequencing/TNS/2024/240313_Illumina_OmiBA286-EG5-FLip_animal-polish_sarbeco-combo-polish/240215-exp3-s1-b3_R1_001.fastq.gz; /uufs/chpc.utah.edu/common/home/u6042467/starr-group1/sequencing/TNS/2024/240410_Illumina-v2_OmiBA286-EG5-FLip/rename/240215-exp3-s1-b3_R1_001_2.fastq.gz
pool2,TiteSeq_01_bin4,TiteSeq,4,1,240215,5955302,/uufs/chpc.utah.edu/common/home/u6042467/starr-group1/sequencing/TNS/2024/240313_Illumina_OmiBA286-EG5-FLip_animal-polish_sarbeco-combo-polish/240215-exp3-s1-b4_R1_001.fastq.gz; /uufs/chpc.utah.edu/common/home/u6042467/starr-group1/sequencing/TNS/2024/240410_Illumina-v2_OmiBA286-EG5-FLip/rename/240215-exp3-s1-b4_R1_001_2.fastq.gz
pool2,TiteSeq_02_bin1,TiteSeq,1,2,240215,1715895,/uufs/chpc.utah.edu/common/home/u6042467/starr-group1/sequencing/TNS/2024/240313_Illumina_OmiBA286-EG5-FLip_animal-polish_sarbeco-combo-polish/240215-exp3-s2-b1_R1_001.fastq.gz; /uufs/chpc.utah.edu/common/home/u6042467/starr-group1/sequencing/TNS/2024/240410_Illumina-v2_OmiBA286-EG5-FLip/rename/240215-exp3-s2-b1_R1_001_2.fastq.gz
pool2,TiteSeq_02_bin2,TiteSeq,2,2,240215,773681,/uufs/chpc.utah.edu/common/home/u6042467/starr-group1/sequencing/TNS/2024/240313_Illumina_OmiBA286-EG5-FLip_animal-polish_sarbeco-combo-polish/240215-exp2-s2-b2_R1_001.fastq.gz; /uufs/chpc.utah.edu/common/home/u6042467/starr-group1/sequencing/TNS/2024/240410_Illumina-v2_OmiBA286-EG5-FLip/rename/240215-exp2-s2-b2_R1_001_2.fastq.gz
pool2,TiteSeq_02_bin3,TiteSeq,3,2,240215,1705442,/uufs/chpc.utah.edu/common/home/u6042467/starr-group1/sequencing/TNS/2024/240313_Illumina_OmiBA286-EG5-FLip_animal-polish_sarbeco-combo-polish/240215-exp2-s2-b3_R1_001.fastq.gz; /uufs/chpc.utah.edu/common/home/u6042467/starr-group1/sequencing/TNS/2024/240410_Illumina-v2_OmiBA286-EG5-FLip/rename/240215-exp2-s2-b3_R1_001_2.fastq.gz
pool2,TiteSeq_02_bin4,TiteSeq,4,2,240215,5568746,/uufs/chpc.utah.edu/common/home/u6042467/starr-group1/sequencing/TNS/2024/240313_Illumina_OmiBA286-EG5-FLip_animal-polish_sarbeco-combo-polish/240215-exp2-s2-b4_R1_001.fastq.gz; /uufs/chpc.utah.edu/common/home/u6042467/starr-group1/sequencing/TNS/2024/240410_Illumina-v2_OmiBA286-EG5-FLip/rename/240215-exp2-s2-b4_R1_001_2.fastq.gz
pool2,TiteSeq_03_bin1,TiteSeq,1,3,240215,2327674,/uufs/chpc.utah.edu/common/home/u6042467/starr-group1/sequencing/TNS/2024/240313_Illumina_OmiBA286-EG5-FLip_animal-polish_sarbeco-combo-polish/240215-exp2-s3-b1_R1_001.fastq.gz; /uufs/chpc.utah.edu/common/home/u6042467/starr-group1/sequencing/TNS/2024/240410_Illumina-v2_OmiBA286-EG5-FLip/rename/240215-exp2-s3-b1_R1_001_2.fastq.gz
pool2,TiteSeq_03_bin2,TiteSeq,2,3,240215,933060,/uufs/chpc.utah.edu/common/home/u6042467/starr-group1/sequencing/TNS/2024/240313_Illumina_OmiBA286-EG5-FLip_animal-polish_sarbeco-combo-polish/240215-exp2-s3-b2_R1_001.fastq.gz; /uufs/chpc.utah.edu/common/home/u6042467/starr-group1/sequencing/TNS/2024/240410_Illumina-v2_OmiBA286-EG5-FLip/rename/240215-exp2-s3-b2_R1_001_2.fastq.gz
pool2,TiteSeq_03_bin3,TiteSeq,3,3,240215,2028246,/uufs/chpc.utah.edu/common/home/u6042467/starr-group1/sequencing/TNS/2024/240313_Illumina_OmiBA286-EG5-FLip_animal-polish_sarbeco-combo-polish/240215-exp3-s3-b3_R1_001.fastq.gz; /uufs/chpc.utah.edu/common/home/u6042467/starr-group1/sequencing/TNS/2024/240410_Illumina-v2_OmiBA286-EG5-FLip/rename/240215-exp3-s3-b3_R1_001_2.fastq.gz
pool2,TiteSeq_03_bin4,TiteSeq,4,3,240215,4450399,/uufs/chpc.utah.edu/common/home/u6042467/starr-group1/sequencing/TNS/2024/240313_Illumina_OmiBA286-EG5-FLip_animal-polish_sarbeco-combo-polish/240215-exp3-s3-b4_R1_001.fastq.gz; /uufs/chpc.utah.edu/common/home/u6042467/starr-group1/sequencing/TNS/2024/240410_Illumina-v2_OmiBA286-EG5-FLip/rename/240215-exp3-s3-b4_R1_001_2.fastq.gz
pool2,TiteSeq_04_bin1,TiteSeq,1,4,240215,3474208,/uufs/chpc.utah.edu/common/home/u6042467/starr-group1/sequencing/TNS/2024/240313_Illumina_OmiBA286-EG5-FLip_animal-polish_sarbeco-combo-polish/240215-exp3-s4-b1_R1_001.fastq.gz; /uufs/chpc.utah.edu/common/home/u6042467/starr-group1/sequencing/TNS/2024/240410_Illumina-v2_OmiBA286-EG5-FLip/rename/240215-exp3-s4-b1_R1_001_2.fastq.gz
pool2,TiteSeq_04_bin2,TiteSeq,2,4,240215,1673592,/uufs/chpc.utah.edu/common/home/u6042467/starr-group1/sequencing/TNS/2024/240313_Illumina_OmiBA286-EG5-FLip_animal-polish_sarbeco-combo-polish/240215-exp3-s4-b2_R1_001.fastq.gz; /uufs/chpc.utah.edu/common/home/u6042467/starr-group1/sequencing/TNS/2024/240410_Illumina-v2_OmiBA286-EG5-FLip/rename/240215-exp3-s4-b2_R1_001_2.fastq.gz
pool2,TiteSeq_04_bin3,TiteSeq,3,4,240215,2862696,/uufs/chpc.utah.edu/common/home/u6042467/starr-group1/sequencing/TNS/2024/240313_Illumina_OmiBA286-EG5-FLip_animal-polish_sarbeco-combo-polish/240215-exp3-s4-b3_R1_001.fastq.gz; /uufs/chpc.utah.edu/common/home/u6042467/starr-group1/sequencing/TNS/2024/240410_Illumina-v2_OmiBA286-EG5-FLip/rename/240215-exp3-s4-b3_R1_001_2.fastq.gz
pool2,TiteSeq_04_bin4,TiteSeq,4,4,240215,1862063,/uufs/chpc.utah.edu/common/home/u6042467/starr-group1/sequencing/TNS/2024/240313_Illumina_OmiBA286-EG5-FLip_animal-polish_sarbeco-combo-polish/240215-exp3-s4-b4_R1_001.fastq.gz; /uufs/chpc.utah.edu/common/home/u6042467/starr-group1/sequencing/TNS/2024/240410_Illumina-v2_OmiBA286-EG5-FLip/rename/240215-exp3-s4-b4_R1_001_2.fastq.gz
pool2,TiteSeq_05_bin1,TiteSeq,1,5,240215,4981328,/uufs/chpc.utah.edu/common/home/u6042467/starr-group1/sequencing/TNS/2024/240313_Illumina_OmiBA286-EG5-FLip_animal-polish_sarbeco-combo-polish/240215-exp3-s5-b1_R1_001.fastq.gz; /uufs/chpc.utah.edu/common/home/u6042467/starr-group1/sequencing/TNS/2024/240410_Illumina-v2_OmiBA286-EG5-FLip/rename/240215-exp3-s5-b1_R1_001_2.fastq.gz
pool2,TiteSeq_05_bin2,TiteSeq,2,5,240215,2488502,/uufs/chpc.utah.edu/common/home/u6042467/starr-group1/sequencing/TNS/2024/240313_Illumina_OmiBA286-EG5-FLip_animal-polish_sarbeco-combo-polish/240215-exp3-s5-b2_R1_001.fastq.gz; /uufs/chpc.utah.edu/common/home/u6042467/starr-group1/sequencing/TNS/2024/240410_Illumina-v2_OmiBA286-EG5-FLip/rename/240215-exp3-s5-b2_R1_001_2.fastq.gz
pool2,TiteSeq_05_bin3,TiteSeq,3,5,240215,2089100,/uufs/chpc.utah.edu/common/home/u6042467/starr-group1/sequencing/TNS/2024/240313_Illumina_OmiBA286-EG5-FLip_animal-polish_sarbeco-combo-polish/240215-exp3-s5-b3_R1_001.fastq.gz; /uufs/chpc.utah.edu/common/home/u6042467/starr-group1/sequencing/TNS/2024/240410_Illumina-v2_OmiBA286-EG5-FLip/rename/240215-exp3-s5-b3_R1_001_2.fastq.gz
pool2,TiteSeq_05_bin4,TiteSeq,4,5,240215,535959,/uufs/chpc.utah.edu/common/home/u6042467/starr-group1/sequencing/TNS/2024/240313_Illumina_OmiBA286-EG5-FLip_animal-polish_sarbeco-combo-polish/240215-exp3-s5-b4_R1_001.fastq.gz; /uufs/chpc.utah.edu/common/home/u6042467/starr-group1/sequencing/TNS/2024/240410_Illumina-v2_OmiBA286-EG5-FLip/rename/240215-exp3-s5-b4_R1_001_2.fastq.gz
pool2,TiteSeq_06_bin1,TiteSeq,1,6,240215,7238765,/uufs/chpc.utah.edu/common/home/u6042467/starr-group1/sequencing/TNS/2024/240313_Illumina_OmiBA286-EG5-FLip_animal-polish_sarbeco-combo-polish/240215-exp3-s6-b1_R1_001.fastq.gz; /uufs/chpc.utah.edu/common/home/u6042467/starr-group1/sequencing/TNS/2024/240410_Illumina-v2_OmiBA286-EG5-FLip/rename/240215-exp3-s6-b1_R1_001_2.fastq.gz
pool2,TiteSeq_06_bin2,TiteSeq,2,6,240215,1981461,/uufs/chpc.utah.edu/common/home/u6042467/starr-group1/sequencing/TNS/2024/240313_Illumina_OmiBA286-EG5-FLip_animal-polish_sarbeco-combo-polish/240215-exp3-s6-b2_R1_001.fastq.gz; /uufs/chpc.utah.edu/common/home/u6042467/starr-group1/sequencing/TNS/2024/240410_Illumina-v2_OmiBA286-EG5-FLip/rename/240215-exp3-s6-b2_R1_001_2.fastq.gz
pool2,TiteSeq_06_bin3,TiteSeq,3,6,240215,639508,/uufs/chpc.utah.edu/common/home/u6042467/starr-group1/sequencing/TNS/2024/240313_Illumina_OmiBA286-EG5-FLip_animal-polish_sarbeco-combo-polish/240215-exp3-s6-b3_R1_001.fastq.gz; /uufs/chpc.utah.edu/common/home/u6042467/starr-group1/sequencing/TNS/2024/240410_Illumina-v2_OmiBA286-EG5-FLip/rename/240215-exp3-s6-b3_R1_001_2.fastq.gz
pool2,TiteSeq_06_bin4,TiteSeq,4,6,240215,13393,/uufs/chpc.utah.edu/common/home/u6042467/starr-group1/sequencing/TNS/2024/240313_Illumina_OmiBA286-EG5-FLip_animal-polish_sarbeco-combo-polish/240215-exp3-s6-b4_R1_001.fastq.gz; /uufs/chpc.utah.edu/common/home/u6042467/starr-group1/sequencing/TNS/2024/240410_Illumina-v2_OmiBA286-EG5-FLip/rename/240215-exp3-s6-b4_R1_001_2.fastq.gz
pool2,TiteSeq_07_bin1,TiteSeq,1,7,240215,7196977,/uufs/chpc.utah.edu/common/home/u6042467/starr-group1/sequencing/TNS/2024/240313_Illumina_OmiBA286-EG5-FLip_animal-polish_sarbeco-combo-polish/240215-exp3-s7-b1_R1_001.fastq.gz; /uufs/chpc.utah.edu/common/home/u6042467/starr-group1/sequencing/TNS/2024/240410_Illumina-v2_OmiBA286-EG5-FLip/rename/240215-exp3-s7-b1_R1_001_2.fastq.gz
pool2,TiteSeq_07_bin2,TiteSeq,2,7,240215,1669131,/uufs/chpc.utah.edu/common/home/u6042467/starr-group1/sequencing/TNS/2024/240313_Illumina_OmiBA286-EG5-FLip_animal-polish_sarbeco-combo-polish/240215-exp3-s7-b2_R1_001.fastq.gz; /uufs/chpc.utah.edu/common/home/u6042467/starr-group1/sequencing/TNS/2024/240410_Illumina-v2_OmiBA286-EG5-FLip/rename/240215-exp3-s7-b2_R1_001_2.fastq.gz
pool2,TiteSeq_07_bin3,TiteSeq,3,7,240215,303510,/uufs/chpc.utah.edu/common/home/u6042467/starr-group1/sequencing/TNS/2024/240313_Illumina_OmiBA286-EG5-FLip_animal-polish_sarbeco-combo-polish/240215-exp3-s7-b3_R1_001.fastq.gz; /uufs/chpc.utah.edu/common/home/u6042467/starr-group1/sequencing/TNS/2024/240410_Illumina-v2_OmiBA286-EG5-FLip/rename/240215-exp3-s7-b3_R1_001_2.fastq.gz
pool2,TiteSeq_07_bin4,TiteSeq,4,7,240215,9907,/uufs/chpc.utah.edu/common/home/u6042467/starr-group1/sequencing/TNS/2024/240313_Illumina_OmiBA286-EG5-FLip_animal-polish_sarbeco-combo-polish/240215-exp3-s7-b4_R1_001.fastq.gz; /uufs/chpc.utah.edu/common/home/u6042467/starr-group1/sequencing/TNS/2024/240410_Illumina-v2_OmiBA286-EG5-FLip/rename/240215-exp3-s7-b4_R1_001_2.fastq.gz
pool2,TiteSeq_08_bin1,TiteSeq,1,8,240215,7996419,/uufs/chpc.utah.edu/common/home/u6042467/starr-group1/sequencing/TNS/2024/240313_Illumina_OmiBA286-EG5-FLip_animal-polish_sarbeco-combo-polish/240215-exp3-s8-b1_R1_001.fastq.gz; /uufs/chpc.utah.edu/common/home/u6042467/starr-group1/sequencing/TNS/2024/240410_Illumina-v2_OmiBA286-EG5-FLip/rename/240215-exp3-s8-b1_R1_001_2.fastq.gz
pool2,TiteSeq_08_bin2,TiteSeq,2,8,240215,1905421,/uufs/chpc.utah.edu/common/home/u6042467/starr-group1/sequencing/TNS/2024/240313_Illumina_OmiBA286-EG5-FLip_animal-polish_sarbeco-combo-polish/240215-exp3-s8-b2_R1_001.fastq.gz; /uufs/chpc.utah.edu/common/home/u6042467/starr-group1/sequencing/TNS/2024/240410_Illumina-v2_OmiBA286-EG5-FLip/rename/240215-exp3-s8-b2_R1_001_2.fastq.gz
pool2,TiteSeq_08_bin3,TiteSeq,3,8,240215,320064,/uufs/chpc.utah.edu/common/home/u6042467/starr-group1/sequencing/TNS/2024/240313_Illumina_OmiBA286-EG5-FLip_animal-polish_sarbeco-combo-polish/240215-exp3-s8-b3_R1_001.fastq.gz; /uufs/chpc.utah.edu/common/home/u6042467/starr-group1/sequencing/TNS/2024/240410_Illumina-v2_OmiBA286-EG5-FLip/rename/240215-exp3-s8-b3_R1_001_2.fastq.gz
pool2,TiteSeq_08_bin4,TiteSeq,4,8,240215,12281,/uufs/chpc.utah.edu/common/home/u6042467/starr-group1/sequencing/TNS/2024/240313_Illumina_OmiBA286-EG5-FLip_animal-polish_sarbeco-combo-polish/240215-exp3-s8-b4_R1_001.fastq.gz; /uufs/chpc.utah.edu/common/home/u6042467/starr-group1/sequencing/TNS/2024/240410_Illumina-v2_OmiBA286-EG5-FLip/rename/240215-exp3-s8-b4_R1_001_2.fastq.gz
pool2,TiteSeq_09_bin1,TiteSeq,1,9,240215,7552576,/uufs/chpc.utah.edu/common/home/u6042467/starr-group1/sequencing/TNS/2024/240313_Illumina_OmiBA286-EG5-FLip_animal-polish_sarbeco-combo-polish/240215-exp3-s9-b1_R1_001.fastq.gz; /uufs/chpc.utah.edu/common/home/u6042467/starr-group1/sequencing/TNS/2024/240410_Illumina-v2_OmiBA286-EG5-FLip/rename/240215-exp3-s9-b1_R1_001_2.fastq.gz
pool2,TiteSeq_09_bin2,TiteSeq,2,9,240215,1475069,/uufs/chpc.utah.edu/common/home/u6042467/starr-group1/sequencing/TNS/2024/240313_Illumina_OmiBA286-EG5-FLip_animal-polish_sarbeco-combo-polish/240215-exp3-s9-b2_R1_001.fastq.gz; /uufs/chpc.utah.edu/common/home/u6042467/starr-group1/sequencing/TNS/2024/240410_Illumina-v2_OmiBA286-EG5-FLip/rename/240215-exp3-s9-b2_R1_001_2.fastq.gz
pool2,TiteSeq_09_bin3,TiteSeq,3,9,240215,196742,/uufs/chpc.utah.edu/common/home/u6042467/starr-group1/sequencing/TNS/2024/240313_Illumina_OmiBA286-EG5-FLip_animal-polish_sarbeco-combo-polish/240215-exp3-s9-b3_R1_001.fastq.gz; /uufs/chpc.utah.edu/common/home/u6042467/starr-group1/sequencing/TNS/2024/240410_Illumina-v2_OmiBA286-EG5-FLip/rename/240215-exp3-s9-b3_R1_001_2.fastq.gz
pool2,TiteSeq_09_bin4,TiteSeq,4,9,240215,8068,/uufs/chpc.utah.edu/common/home/u6042467/starr-group1/sequencing/TNS/2024/240313_Illumina_OmiBA286-EG5-FLip_animal-polish_sarbeco-combo-polish/240215-exp3-s9-b4_R1_001.fastq.gz; /uufs/chpc.utah.edu/common/home/u6042467/starr-group1/sequencing/TNS/2024/240410_Illumina-v2_OmiBA286-EG5-FLip/rename/240215-exp3-s9-b4_R1_001_2.fastq.gz
pool1,SortSeq_bin1,SortSeq,1,,240125,3581850,/uufs/chpc.utah.edu/common/home/u6042467/starr-group1/sequencing/TNS/2024/240417_Illumina_merbeco-sarbeco-sera-mAbs-breadth/240125-omi-expression-b1-1_R1_001.fastq.gz; /uufs/chpc.utah.edu/common/home/u6042467/starr-group1/sequencing/TNS/2024/240417_Illumina_merbeco-sarbeco-sera-mAbs-breadth/240125-omi-expression-b1-2_R1_001.fastq.gz; /uufs/chpc.utah.edu/common/home/u6042467/starr-group1/sequencing/TNS/2024/240417_Illumina_merbeco-sarbeco-sera-mAbs-breadth/240125-omi-expression-b1-3_R1_001.fastq.gz
pool1,SortSeq_bin2,SortSeq,2,,240125,4649830,/uufs/chpc.utah.edu/common/home/u6042467/starr-group1/sequencing/TNS/2024/240417_Illumina_merbeco-sarbeco-sera-mAbs-breadth/240125-omi-expression-b2-1_R1_001.fastq.gz; /uufs/chpc.utah.edu/common/home/u6042467/starr-group1/sequencing/TNS/2024/240417_Illumina_merbeco-sarbeco-sera-mAbs-breadth/240125-omi-expression-b2-2_R1_001.fastq.gz; /uufs/chpc.utah.edu/common/home/u6042467/starr-group1/sequencing/TNS/2024/240417_Illumina_merbeco-sarbeco-sera-mAbs-breadth/240125-omi-expression-b2-3_R1_001.fastq.gz
pool1,SortSeq_bin3,SortSeq,3,,240125,8346717,/uufs/chpc.utah.edu/common/home/u6042467/starr-group1/sequencing/TNS/2024/240417_Illumina_merbeco-sarbeco-sera-mAbs-breadth/240125-omi-expression-b3-1_R1_001.fastq.gz; /uufs/chpc.utah.edu/common/home/u6042467/starr-group1/sequencing/TNS/2024/240417_Illumina_merbeco-sarbeco-sera-mAbs-breadth/240125-omi-expression-b3-2_R1_001.fastq.gz; /uufs/chpc.utah.edu/common/home/u6042467/starr-group1/sequencing/TNS/2024/240417_Illumina_merbeco-sarbeco-sera-mAbs-breadth/240125-omi-expression-b3-3_R1_001.fastq.gz
pool1,SortSeq_bin4,SortSeq,4,,240125,7841439,/uufs/chpc.utah.edu/common/home/u6042467/starr-group1/sequencing/TNS/2024/240417_Illumina_merbeco-sarbeco-sera-mAbs-breadth/240125-omi-expression-b4-1_R1_001.fastq.gz; /uufs/chpc.utah.edu/common/home/u6042467/starr-group1/sequencing/TNS/2024/240417_Illumina_merbeco-sarbeco-sera-mAbs-breadth/240125-omi-expression-b4-2_R1_001.fastq.gz; /uufs/chpc.utah.edu/common/home/u6042467/starr-group1/sequencing/TNS/2024/240417_Illumina_merbeco-sarbeco-sera-mAbs-breadth/240125-omi-expression-b4-3_R1_001.fastq.gz
pool2,SortSeq_bin1,SortSeq,1,,240201,2142177,/uufs/chpc.utah.edu/common/home/u6042467/starr-group1/sequencing/TNS/2024/240313_Illumina_OmiBA286-EG5-FLip_animal-polish_sarbeco-combo-polish/240201-exp2-RBD-bin1-1_R1_001.fastq.gz; /uufs/chpc.utah.edu/common/home/u6042467/starr-group1/sequencing/TNS/2024/240313_Illumina_OmiBA286-EG5-FLip_animal-polish_sarbeco-combo-polish/240201-exp2-RBD-bin1-2_R1_001.fastq.gz; /uufs/chpc.utah.edu/common/home/u6042467/starr-group1/sequencing/TNS/2024/240313_Illumina_OmiBA286-EG5-FLip_animal-polish_sarbeco-combo-polish/240201-exp2-RBD-bin1-3_R1_001.fastq.gz; /uufs/chpc.utah.edu/common/home/u6042467/starr-group1/sequencing/TNS/2024/240410_Illumina-v2_OmiBA286-EG5-FLip/rename/240201-exp2-RBD-bin1-1_R1_001_2.fastq.gz; /uufs/chpc.utah.edu/common/home/u6042467/starr-group1/sequencing/TNS/2024/240410_Illumina-v2_OmiBA286-EG5-FLip/rename/240201-exp2-RBD-bin1-2_R1_001_2.fastq.gz; /uufs/chpc.utah.edu/common/home/u6042467/starr-group1/sequencing/TNS/2024/240410_Illumina-v2_OmiBA286-EG5-FLip/rename/240201-exp2-RBD-bin1-3_R1_001_2.fastq.gz
pool2,SortSeq_bin2,SortSeq,2,,240201,4158809,/uufs/chpc.utah.edu/common/home/u6042467/starr-group1/sequencing/TNS/2024/240313_Illumina_OmiBA286-EG5-FLip_animal-polish_sarbeco-combo-polish/240201-exp2-RBD-bin2-1_R1_001.fastq.gz; /uufs/chpc.utah.edu/common/home/u6042467/starr-group1/sequencing/TNS/2024/240313_Illumina_OmiBA286-EG5-FLip_animal-polish_sarbeco-combo-polish/240201-exp2-RBD-bin2-2_R1_001.fastq.gz; /uufs/chpc.utah.edu/common/home/u6042467/starr-group1/sequencing/TNS/2024/240313_Illumina_OmiBA286-EG5-FLip_animal-polish_sarbeco-combo-polish/240201-exp2-RBD-bin2-3_R1_001.fastq.gz; /uufs/chpc.utah.edu/common/home/u6042467/starr-group1/sequencing/TNS/2024/240410_Illumina-v2_OmiBA286-EG5-FLip/rename/240201-exp2-RBD-bin2-1_R1_001_2.fastq.gz; /uufs/chpc.utah.edu/common/home/u6042467/starr-group1/sequencing/TNS/2024/240410_Illumina-v2_OmiBA286-EG5-FLip/rename/240201-exp2-RBD-bin2-2_R1_001_2.fastq.gz; /uufs/chpc.utah.edu/common/home/u6042467/starr-group1/sequencing/TNS/2024/240410_Illumina-v2_OmiBA286-EG5-FLip/rename/240201-exp2-RBD-bin2-3_R1_001_2.fastq.gz
pool2,SortSeq_bin3,SortSeq,3,,240201,5801807,/uufs/chpc.utah.edu/common/home/u6042467/starr-group1/sequencing/TNS/2024/240313_Illumina_OmiBA286-EG5-FLip_animal-polish_sarbeco-combo-polish/240201-exp2-RBD-bin3-1_R1_001.fastq.gz; /uufs/chpc.utah.edu/common/home/u6042467/starr-group1/sequencing/TNS/2024/240313_Illumina_OmiBA286-EG5-FLip_animal-polish_sarbeco-combo-polish/240201-exp2-RBD-bin3-2_R1_001.fastq.gz; /uufs/chpc.utah.edu/common/home/u6042467/starr-group1/sequencing/TNS/2024/240313_Illumina_OmiBA286-EG5-FLip_animal-polish_sarbeco-combo-polish/240201-exp2-RBD-bin3-3_R1_001.fastq.gz; /uufs/chpc.utah.edu/common/home/u6042467/starr-group1/sequencing/TNS/2024/240410_Illumina-v2_OmiBA286-EG5-FLip/rename/240201-exp2-RBD-bin3-1_R1_001_2.fastq.gz; /uufs/chpc.utah.edu/common/home/u6042467/starr-group1/sequencing/TNS/2024/240410_Illumina-v2_OmiBA286-EG5-FLip/rename/240201-exp2-RBD-bin3-2_R1_001_2.fastq.gz; /uufs/chpc.utah.edu/common/home/u6042467/starr-group1/sequencing/TNS/2024/240410_Illumina-v2_OmiBA286-EG5-FLip/rename/240201-exp2-RBD-bin3-3_R1_001_2.fastq.gz
pool2,SortSeq_bin4,SortSeq,4,,240201,6361778,/uufs/chpc.utah.edu/common/home/u6042467/starr-group1/sequencing/TNS/2024/240313_Illumina_OmiBA286-EG5-FLip_animal-polish_sarbeco-combo-polish/240201-exp2-RBD-bin4-1_R1_001.fastq.gz; /uufs/chpc.utah.edu/common/home/u6042467/starr-group1/sequencing/TNS/2024/240313_Illumina_OmiBA286-EG5-FLip_animal-polish_sarbeco-combo-polish/240201-exp2-RBD-bin4-2_R1_001.fastq.gz; /uufs/chpc.utah.edu/common/home/u6042467/starr-group1/sequencing/TNS/2024/240313_Illumina_OmiBA286-EG5-FLip_animal-polish_sarbeco-combo-polish/240201-exp2-RBD-bin4-3_R1_001.fastq.gz; /uufs/chpc.utah.edu/common/home/u6042467/starr-group1/sequencing/TNS/2024/240410_Illumina-v2_OmiBA286-EG5-FLip/rename/240201-exp2-RBD-bin4-1_R1_001_2.fastq.gz; /uufs/chpc.utah.edu/common/home/u6042467/starr-group1/sequencing/TNS/2024/240410_Illumina-v2_OmiBA286-EG5-FLip/rename/240201-exp2-RBD-bin4-2_R1_001_2.fastq.gz; /uufs/chpc.utah.edu/common/home/u6042467/starr-group1/sequencing/TNS/2024/240410_Illumina-v2_OmiBA286-EG5-FLip/rename/240201-exp2-RBD-bin4-3_R1_001_2.fastq.gz